<?xml version="1.0" encoding="UTF-8" ?>
<!-- This is a WordPress eXtended RSS file generated by WordPress as an export of your site. -->
<!-- It contains information about your site's posts, pages, comments, categories, and other content. -->
<!-- You may use this file to transfer that content from one site to another. -->
<!-- This file is not intended to serve as a complete backup of your site. -->

<!-- To import this information into a WordPress site follow these steps: -->
<!-- 1. Log in to that site as an administrator. -->
<!-- 2. Go to Tools: Import in the WordPress admin panel. -->
<!-- 3. Install the "WordPress" importer from the list. -->
<!-- 4. Activate & Run Importer. -->
<!-- 5. Upload this file using the form provided on that page. -->
<!-- 6. You will first be asked to map the authors in this export file to users -->
<!--    on the site. For each author, you may choose to map to an -->
<!--    existing user on the site or to create a new user. -->
<!-- 7. WordPress will then import each of the posts, pages, comments, categories, etc. -->
<!--    contained in this file into your site. -->

<!-- generator="WordPress/4.7.3" created="2017-03-23 08:40" -->
<rss version="2.0"
	xmlns:excerpt="http://wordpress.org/export/1.2/excerpt/"
	xmlns:content="http://purl.org/rss/1.0/modules/content/"
	xmlns:wfw="http://wellformedweb.org/CommentAPI/"
	xmlns:dc="http://purl.org/dc/elements/1.1/"
	xmlns:wp="http://wordpress.org/export/1.2/"
>

<channel>
	<title>Traveler Activity</title>
	<link>http://shinetheme.com/demosd/traveler/activity</link>
	<description>Just another WordPress site</description>
	<pubDate>Thu, 23 Mar 2017 08:40:41 +0000</pubDate>
	<language>en-US</language>
	<wp:wxr_version>1.2</wp:wxr_version>
	<wp:base_site_url>http://shinetheme.com/demosd/traveler/activity</wp:base_site_url>
	<wp:base_blog_url>http://shinetheme.com/demosd/traveler/activity</wp:base_blog_url>

	<wp:author><wp:author_id>1</wp:author_id><wp:author_login><![CDATA[admin]]></wp:author_login><wp:author_email><![CDATA[hanhdo@shinetheme.com]]></wp:author_email><wp:author_display_name><![CDATA[admin]]></wp:author_display_name><wp:author_first_name><![CDATA[]]></wp:author_first_name><wp:author_last_name><![CDATA[]]></wp:author_last_name></wp:author>


	<generator>https://wordpress.org/?v=4.7.3</generator>

	<item>
		<title>Single Activity 1</title>
		<link>http://shinetheme.com/demosd/traveler/activity/?st_layouts=single-activity-1</link>
		<pubDate>Fri, 09 Jan 2015 07:18:49 +0000</pubDate>
		<dc:creator><![CDATA[admin]]></dc:creator>
		<guid isPermaLink="false">http://traveler.shinethemedev.com/wordpress/?post_type=st_layouts&#038;p=1469</guid>
		<description></description>
		<content:encoded><![CDATA[[vc_row][vc_column width="2/3"][vc_tta_tabs][vc_tta_section title="Photos" tab_id="1480060740386-3c6c7341-d10e"][vc_empty_space][st_activity_detail_photo style="slide"][/vc_tta_section][vc_tta_section title="On the Map" tab_id="1480060740422-40bcd694-68e1"][st_activity_detail_map][/vc_tta_section][vc_tta_section title="Video" tab_id="1480060856410-6a3b3419-3c06"][st_activity_video][/vc_tta_section][/vc_tta_tabs][vc_row_inner][vc_column_inner][st_activity_detail_attribute taxonomy="attractions" item_col=""][vc_empty_space][st_activity_show_discount][vc_column_text css=".vc_custom_1479468980790{padding-top: 50px !important;padding-bottom: 30px !important;}"]
<h3>Owner Description</h3>
[/vc_column_text][st_post_data field="excerpt"][vc_column_text css=".vc_custom_1479468996999{padding-top: 50px !important;padding-bottom: 30px !important;}"]
<h3>Activity Reviews</h3>
[/vc_column_text][st_activity_review][/vc_column_inner][/vc_row_inner][/vc_column][vc_column width="1/3" css=".vc_custom_1423216399418{margin-top: 38px !important;}"][vc_row_inner][vc_column_inner][st_activity_detail_review_summary][/vc_column_inner][/vc_row_inner][vc_empty_space][vc_column_text css=".vc_custom_1479111920662{margin-bottom: 10px !important;}"]
<h3>Activity Information</h3>
[/vc_column_text][st_form_book][st_activity_nearby title="Activities Nearby" font_size="3"][/vc_column][/vc_row]]]></content:encoded>
		<excerpt:encoded><![CDATA[]]></excerpt:encoded>
		<wp:post_id>1469</wp:post_id>
		<wp:post_date><![CDATA[2015-01-09 07:18:49]]></wp:post_date>
		<wp:post_date_gmt><![CDATA[2015-01-09 07:18:49]]></wp:post_date_gmt>
		<wp:comment_status><![CDATA[closed]]></wp:comment_status>
		<wp:ping_status><![CDATA[closed]]></wp:ping_status>
		<wp:post_name><![CDATA[single-activity-1]]></wp:post_name>
		<wp:status><![CDATA[publish]]></wp:status>
		<wp:post_parent>0</wp:post_parent>
		<wp:menu_order>0</wp:menu_order>
		<wp:post_type><![CDATA[st_layouts]]></wp:post_type>
		<wp:post_password><![CDATA[]]></wp:post_password>
		<wp:is_sticky>0</wp:is_sticky>
		<wp:postmeta>
			<wp:meta_key><![CDATA[min_price]]></wp:meta_key>
			<wp:meta_value><![CDATA[]]></wp:meta_value>
		</wp:postmeta>
		<wp:postmeta>
			<wp:meta_key><![CDATA[rate_review]]></wp:meta_key>
			<wp:meta_value><![CDATA[0]]></wp:meta_value>
		</wp:postmeta>
		<wp:postmeta>
			<wp:meta_key><![CDATA[_vc_post_settings]]></wp:meta_key>
			<wp:meta_value><![CDATA[a:1:{s:10:"vc_grid_id";a:0:{}}]]></wp:meta_value>
		</wp:postmeta>
		<wp:postmeta>
			<wp:meta_key><![CDATA[_wpb_shortcodes_custom_css]]></wp:meta_key>
			<wp:meta_value><![CDATA[.vc_custom_1423216399418{margin-top: 38px !important;}.vc_custom_1479468980790{padding-top: 50px !important;padding-bottom: 30px !important;}.vc_custom_1479468996999{padding-top: 50px !important;padding-bottom: 30px !important;}.vc_custom_1479111920662{margin-bottom: 10px !important;}]]></wp:meta_value>
		</wp:postmeta>
		<wp:postmeta>
			<wp:meta_key><![CDATA[rate_review]]></wp:meta_key>
			<wp:meta_value><![CDATA[0]]></wp:meta_value>
		</wp:postmeta>
		<wp:postmeta>
			<wp:meta_key><![CDATA[rate_review]]></wp:meta_key>
			<wp:meta_value><![CDATA[0]]></wp:meta_value>
		</wp:postmeta>
		<wp:postmeta>
			<wp:meta_key><![CDATA[_wpb_shortcodes_custom_css]]></wp:meta_key>
			<wp:meta_value><![CDATA[.vc_custom_1423216399418{margin-top: 38px !important;}.vc_custom_1479468980790{padding-top: 50px !important;padding-bottom: 30px !important;}.vc_custom_1479468996999{padding-top: 50px !important;padding-bottom: 30px !important;}.vc_custom_1479111920662{margin-bottom: 10px !important;}]]></wp:meta_value>
		</wp:postmeta>
		<wp:postmeta>
			<wp:meta_key><![CDATA[_wpb_vc_js_status]]></wp:meta_key>
			<wp:meta_value><![CDATA[false]]></wp:meta_value>
		</wp:postmeta>
		<wp:postmeta>
			<wp:meta_key><![CDATA[_wpb_vc_js_interface_version]]></wp:meta_key>
			<wp:meta_value><![CDATA[2]]></wp:meta_value>
		</wp:postmeta>
		<wp:postmeta>
			<wp:meta_key><![CDATA[vc_teaser]]></wp:meta_key>
			<wp:meta_value><![CDATA[a:2:{s:4:"data";s:115:"[{"name":"title","link":"post"},{"name":"image","image":"featured","link":"none"},{"name":"text","mode":"excerpt"}]";s:7:"bgcolor";s:0:"";}]]></wp:meta_value>
		</wp:postmeta>
		<wp:postmeta>
			<wp:meta_key><![CDATA[post_views_count]]></wp:meta_key>
			<wp:meta_value><![CDATA[]]></wp:meta_value>
		</wp:postmeta>
		<wp:postmeta>
			<wp:meta_key><![CDATA[_alp_processed]]></wp:meta_key>
			<wp:meta_value><![CDATA[1423216400]]></wp:meta_value>
		</wp:postmeta>
		<wp:postmeta>
			<wp:meta_key><![CDATA[st_type_layout]]></wp:meta_key>
			<wp:meta_value><![CDATA[st_activity]]></wp:meta_value>
		</wp:postmeta>
		<wp:postmeta>
			<wp:meta_key><![CDATA[_vc_post_settings]]></wp:meta_key>
			<wp:meta_value><![CDATA[a:1:{s:10:"vc_grid_id";a:0:{}}]]></wp:meta_value>
		</wp:postmeta>
		<wp:postmeta>
			<wp:meta_key><![CDATA[layout_size]]></wp:meta_key>
			<wp:meta_value><![CDATA[container]]></wp:meta_value>
		</wp:postmeta>
		<wp:postmeta>
			<wp:meta_key><![CDATA[is_breadcrumb]]></wp:meta_key>
			<wp:meta_value><![CDATA[on]]></wp:meta_value>
		</wp:postmeta>
		<wp:postmeta>
			<wp:meta_key><![CDATA[_edit_last]]></wp:meta_key>
			<wp:meta_value><![CDATA[1]]></wp:meta_value>
		</wp:postmeta>
	</item>
	<item>
		<title>Single Activity 2</title>
		<link>http://shinetheme.com/demosd/traveler/activity/?st_layouts=single-activity-2</link>
		<pubDate>Fri, 09 Jan 2015 07:19:18 +0000</pubDate>
		<dc:creator><![CDATA[admin]]></dc:creator>
		<guid isPermaLink="false">http://traveler.shinethemedev.com/wordpress/?post_type=st_layouts&#038;p=1470</guid>
		<description></description>
		<content:encoded><![CDATA[[vc_row][vc_column width="7/12"][vc_tta_tabs][vc_tta_section title="Photos" tab_id="1480060667647-861f9d1a-e635"][st_activity_detail_photo style="grid"][/vc_tta_section][vc_tta_section title="On the Map" tab_id="1480060667696-8de02373-e0de"][st_activity_detail_map][/vc_tta_section][vc_tta_section title="Video" tab_id="1480060699563-a6e2c48e-794f"][st_activity_video][/vc_tta_section][/vc_tta_tabs][vc_empty_space][st_activity_detail_attribute taxonomy="attractions" item_col="4"][vc_empty_space][st_activity_show_discount][vc_column_text css=".vc_custom_1479469992396{padding-top: 50px !important;padding-bottom: 30px !important;}"]
<h3>Owner description</h3>
[/vc_column_text][st_post_data field="excerpt"][vc_column_text css=".vc_custom_1479470007061{padding-top: 50px !important;padding-bottom: 30px !important;}"]
<h3>Activity Reviews</h3>
[/vc_column_text][st_activity_review][/vc_column][vc_column width="5/12" css=".vc_custom_1423216391301{margin-top: 38px !important;}"][vc_row_inner][vc_column_inner][st_activity_detail_review_summary][/vc_column_inner][/vc_row_inner][vc_empty_space][vc_column_text css=".vc_custom_1479470021692{padding-top: 50px !important;padding-bottom: 30px !important;}"]
<h3>Activity Information</h3>
[/vc_column_text][st_form_book][st_activity_nearby title="Activities Nearby" font_size="3"][/vc_column][/vc_row]]]></content:encoded>
		<excerpt:encoded><![CDATA[]]></excerpt:encoded>
		<wp:post_id>1470</wp:post_id>
		<wp:post_date><![CDATA[2015-01-09 07:19:18]]></wp:post_date>
		<wp:post_date_gmt><![CDATA[2015-01-09 07:19:18]]></wp:post_date_gmt>
		<wp:comment_status><![CDATA[closed]]></wp:comment_status>
		<wp:ping_status><![CDATA[closed]]></wp:ping_status>
		<wp:post_name><![CDATA[single-activity-2]]></wp:post_name>
		<wp:status><![CDATA[publish]]></wp:status>
		<wp:post_parent>0</wp:post_parent>
		<wp:menu_order>0</wp:menu_order>
		<wp:post_type><![CDATA[st_layouts]]></wp:post_type>
		<wp:post_password><![CDATA[]]></wp:post_password>
		<wp:is_sticky>0</wp:is_sticky>
		<wp:postmeta>
			<wp:meta_key><![CDATA[min_price]]></wp:meta_key>
			<wp:meta_value><![CDATA[]]></wp:meta_value>
		</wp:postmeta>
		<wp:postmeta>
			<wp:meta_key><![CDATA[rate_review]]></wp:meta_key>
			<wp:meta_value><![CDATA[0]]></wp:meta_value>
		</wp:postmeta>
		<wp:postmeta>
			<wp:meta_key><![CDATA[_vc_post_settings]]></wp:meta_key>
			<wp:meta_value><![CDATA[a:1:{s:10:"vc_grid_id";a:0:{}}]]></wp:meta_value>
		</wp:postmeta>
		<wp:postmeta>
			<wp:meta_key><![CDATA[_wpb_shortcodes_custom_css]]></wp:meta_key>
			<wp:meta_value><![CDATA[.vc_custom_1423216391301{margin-top: 38px !important;}.vc_custom_1479469992396{padding-top: 50px !important;padding-bottom: 30px !important;}.vc_custom_1479470007061{padding-top: 50px !important;padding-bottom: 30px !important;}.vc_custom_1479470021692{padding-top: 50px !important;padding-bottom: 30px !important;}]]></wp:meta_value>
		</wp:postmeta>
		<wp:postmeta>
			<wp:meta_key><![CDATA[rate_review]]></wp:meta_key>
			<wp:meta_value><![CDATA[0]]></wp:meta_value>
		</wp:postmeta>
		<wp:postmeta>
			<wp:meta_key><![CDATA[rate_review]]></wp:meta_key>
			<wp:meta_value><![CDATA[0]]></wp:meta_value>
		</wp:postmeta>
		<wp:postmeta>
			<wp:meta_key><![CDATA[_wpb_shortcodes_custom_css]]></wp:meta_key>
			<wp:meta_value><![CDATA[.vc_custom_1423216391301{margin-top: 38px !important;}.vc_custom_1479469992396{padding-top: 50px !important;padding-bottom: 30px !important;}.vc_custom_1479470007061{padding-top: 50px !important;padding-bottom: 30px !important;}.vc_custom_1479470021692{padding-top: 50px !important;padding-bottom: 30px !important;}]]></wp:meta_value>
		</wp:postmeta>
		<wp:postmeta>
			<wp:meta_key><![CDATA[_wpb_vc_js_status]]></wp:meta_key>
			<wp:meta_value><![CDATA[true]]></wp:meta_value>
		</wp:postmeta>
		<wp:postmeta>
			<wp:meta_key><![CDATA[_wpb_vc_js_interface_version]]></wp:meta_key>
			<wp:meta_value><![CDATA[2]]></wp:meta_value>
		</wp:postmeta>
		<wp:postmeta>
			<wp:meta_key><![CDATA[vc_teaser]]></wp:meta_key>
			<wp:meta_value><![CDATA[a:2:{s:4:"data";s:115:"[{"name":"title","link":"post"},{"name":"image","image":"featured","link":"none"},{"name":"text","mode":"excerpt"}]";s:7:"bgcolor";s:0:"";}]]></wp:meta_value>
		</wp:postmeta>
		<wp:postmeta>
			<wp:meta_key><![CDATA[_alp_processed]]></wp:meta_key>
			<wp:meta_value><![CDATA[1423216402]]></wp:meta_value>
		</wp:postmeta>
		<wp:postmeta>
			<wp:meta_key><![CDATA[st_type_layout]]></wp:meta_key>
			<wp:meta_value><![CDATA[st_activity]]></wp:meta_value>
		</wp:postmeta>
		<wp:postmeta>
			<wp:meta_key><![CDATA[_vc_post_settings]]></wp:meta_key>
			<wp:meta_value><![CDATA[a:1:{s:10:"vc_grid_id";a:0:{}}]]></wp:meta_value>
		</wp:postmeta>
		<wp:postmeta>
			<wp:meta_key><![CDATA[layout_size]]></wp:meta_key>
			<wp:meta_value><![CDATA[container]]></wp:meta_value>
		</wp:postmeta>
		<wp:postmeta>
			<wp:meta_key><![CDATA[is_breadcrumb]]></wp:meta_key>
			<wp:meta_value><![CDATA[on]]></wp:meta_value>
		</wp:postmeta>
		<wp:postmeta>
			<wp:meta_key><![CDATA[_edit_last]]></wp:meta_key>
			<wp:meta_value><![CDATA[1]]></wp:meta_value>
		</wp:postmeta>
	</item>
	<item>
		<title>Single Activity 3</title>
		<link>http://shinetheme.com/demosd/traveler/activity/?st_layouts=single-activity-3</link>
		<pubDate>Fri, 09 Jan 2015 07:19:42 +0000</pubDate>
		<dc:creator><![CDATA[admin]]></dc:creator>
		<guid isPermaLink="false">http://traveler.shinethemedev.com/wordpress/?post_type=st_layouts&#038;p=1471</guid>
		<description></description>
		<content:encoded><![CDATA[[vc_row css=".vc_custom_1420787949719{margin-bottom: 30px !important;}"][vc_column width="7/12"][vc_tta_tabs][vc_tta_section title="Photos" tab_id="1480060451230-acffb6b1-4610"][st_activity_detail_photo style="slide"][/vc_tta_section][vc_tta_section title="On the Map" tab_id="1480060451267-a3b3a428-c343"][st_activity_detail_map][/vc_tta_section][vc_tta_section title="Video" tab_id="1480060476124-77c5aef7-d9c5"][st_activity_video][/vc_tta_section][vc_tta_section title="Nearby" tab_id="1480060486927-8a381390-98d6"][st_activity_nearby][/vc_tta_section][vc_tta_section title="Reviews" tab_id="1480060488919-a24db2d3-8efc"][st_activity_detail_review_detail][/vc_tta_section][/vc_tta_tabs][vc_row_inner][vc_column_inner][vc_empty_space][st_activity_review title="Reviews" font_size="3"][/vc_column_inner][/vc_row_inner][/vc_column][vc_column width="5/12" css=".vc_custom_1423216381970{margin-top: 38px !important;}"][vc_row_inner][vc_column_inner][st_activity_detail_review_summary][/vc_column_inner][/vc_row_inner][vc_row_inner][vc_column_inner][vc_empty_space][vc_column_text css=".vc_custom_1420782018479{margin-bottom: 10px !important;}"]
<h3>Owner description</h3>
[/vc_column_text][st_post_data field="excerpt"][/vc_column_inner][/vc_row_inner][vc_row_inner css=".vc_custom_1420785753299{margin-top: 30px !important;}"][vc_column_inner][st_form_book][/vc_column_inner][/vc_row_inner][/vc_column][/vc_row]]]></content:encoded>
		<excerpt:encoded><![CDATA[]]></excerpt:encoded>
		<wp:post_id>1471</wp:post_id>
		<wp:post_date><![CDATA[2015-01-09 07:19:42]]></wp:post_date>
		<wp:post_date_gmt><![CDATA[2015-01-09 07:19:42]]></wp:post_date_gmt>
		<wp:comment_status><![CDATA[closed]]></wp:comment_status>
		<wp:ping_status><![CDATA[closed]]></wp:ping_status>
		<wp:post_name><![CDATA[single-activity-3]]></wp:post_name>
		<wp:status><![CDATA[publish]]></wp:status>
		<wp:post_parent>0</wp:post_parent>
		<wp:menu_order>0</wp:menu_order>
		<wp:post_type><![CDATA[st_layouts]]></wp:post_type>
		<wp:post_password><![CDATA[]]></wp:post_password>
		<wp:is_sticky>0</wp:is_sticky>
		<wp:postmeta>
			<wp:meta_key><![CDATA[min_price]]></wp:meta_key>
			<wp:meta_value><![CDATA[]]></wp:meta_value>
		</wp:postmeta>
		<wp:postmeta>
			<wp:meta_key><![CDATA[rate_review]]></wp:meta_key>
			<wp:meta_value><![CDATA[0]]></wp:meta_value>
		</wp:postmeta>
		<wp:postmeta>
			<wp:meta_key><![CDATA[_vc_post_settings]]></wp:meta_key>
			<wp:meta_value><![CDATA[a:1:{s:10:"vc_grid_id";a:0:{}}]]></wp:meta_value>
		</wp:postmeta>
		<wp:postmeta>
			<wp:meta_key><![CDATA[_wpb_shortcodes_custom_css]]></wp:meta_key>
			<wp:meta_value><![CDATA[.vc_custom_1420787949719{margin-bottom: 30px !important;}.vc_custom_1423216381970{margin-top: 38px !important;}.vc_custom_1420785753299{margin-top: 30px !important;}.vc_custom_1420782018479{margin-bottom: 10px !important;}]]></wp:meta_value>
		</wp:postmeta>
		<wp:postmeta>
			<wp:meta_key><![CDATA[rate_review]]></wp:meta_key>
			<wp:meta_value><![CDATA[0]]></wp:meta_value>
		</wp:postmeta>
		<wp:postmeta>
			<wp:meta_key><![CDATA[rate_review]]></wp:meta_key>
			<wp:meta_value><![CDATA[0]]></wp:meta_value>
		</wp:postmeta>
		<wp:postmeta>
			<wp:meta_key><![CDATA[_wpb_shortcodes_custom_css]]></wp:meta_key>
			<wp:meta_value><![CDATA[.vc_custom_1420787949719{margin-bottom: 30px !important;}.vc_custom_1423216381970{margin-top: 38px !important;}.vc_custom_1420785753299{margin-top: 30px !important;}.vc_custom_1420782018479{margin-bottom: 10px !important;}]]></wp:meta_value>
		</wp:postmeta>
		<wp:postmeta>
			<wp:meta_key><![CDATA[_wpb_vc_js_status]]></wp:meta_key>
			<wp:meta_value><![CDATA[false]]></wp:meta_value>
		</wp:postmeta>
		<wp:postmeta>
			<wp:meta_key><![CDATA[_wpb_vc_js_interface_version]]></wp:meta_key>
			<wp:meta_value><![CDATA[2]]></wp:meta_value>
		</wp:postmeta>
		<wp:postmeta>
			<wp:meta_key><![CDATA[vc_teaser]]></wp:meta_key>
			<wp:meta_value><![CDATA[a:2:{s:4:"data";s:115:"[{"name":"title","link":"post"},{"name":"image","image":"featured","link":"none"},{"name":"text","mode":"excerpt"}]";s:7:"bgcolor";s:0:"";}]]></wp:meta_value>
		</wp:postmeta>
		<wp:postmeta>
			<wp:meta_key><![CDATA[_alp_processed]]></wp:meta_key>
			<wp:meta_value><![CDATA[1423216404]]></wp:meta_value>
		</wp:postmeta>
		<wp:postmeta>
			<wp:meta_key><![CDATA[st_type_layout]]></wp:meta_key>
			<wp:meta_value><![CDATA[st_activity]]></wp:meta_value>
		</wp:postmeta>
		<wp:postmeta>
			<wp:meta_key><![CDATA[_vc_post_settings]]></wp:meta_key>
			<wp:meta_value><![CDATA[a:1:{s:10:"vc_grid_id";a:0:{}}]]></wp:meta_value>
		</wp:postmeta>
		<wp:postmeta>
			<wp:meta_key><![CDATA[_edit_last]]></wp:meta_key>
			<wp:meta_value><![CDATA[1]]></wp:meta_value>
		</wp:postmeta>
		<wp:postmeta>
			<wp:meta_key><![CDATA[layout_size]]></wp:meta_key>
			<wp:meta_value><![CDATA[container]]></wp:meta_value>
		</wp:postmeta>
	</item>
	<item>
		<title>Search Activity 1</title>
		<link>http://shinetheme.com/demosd/traveler/activity/?st_layouts=search-activity-1</link>
		<pubDate>Fri, 09 Jan 2015 10:09:25 +0000</pubDate>
		<dc:creator><![CDATA[admin]]></dc:creator>
		<guid isPermaLink="false">http://traveler.shinethemedev.com/wordpress/?post_type=st_layouts&#038;p=1490</guid>
		<description></description>
		<content:encoded><![CDATA[[vc_row][vc_column][st_search_activity_title][/vc_column][/vc_row][vc_row css=".vc_custom_1420890480115{margin-bottom: 30px !important;}"][vc_column width="1/4" el_class="col-sm2-5"][vc_widget_sidebar sidebar_id="activity-sidebar"][/vc_column][vc_column width="3/4" el_class="col-sm2-7"][st_activiry_content_search][/vc_column][/vc_row]]]></content:encoded>
		<excerpt:encoded><![CDATA[]]></excerpt:encoded>
		<wp:post_id>1490</wp:post_id>
		<wp:post_date><![CDATA[2015-01-09 10:09:25]]></wp:post_date>
		<wp:post_date_gmt><![CDATA[2015-01-09 10:09:25]]></wp:post_date_gmt>
		<wp:comment_status><![CDATA[closed]]></wp:comment_status>
		<wp:ping_status><![CDATA[closed]]></wp:ping_status>
		<wp:post_name><![CDATA[search-activity-1]]></wp:post_name>
		<wp:status><![CDATA[publish]]></wp:status>
		<wp:post_parent>0</wp:post_parent>
		<wp:menu_order>0</wp:menu_order>
		<wp:post_type><![CDATA[st_layouts]]></wp:post_type>
		<wp:post_password><![CDATA[]]></wp:post_password>
		<wp:is_sticky>0</wp:is_sticky>
		<wp:postmeta>
			<wp:meta_key><![CDATA[min_price]]></wp:meta_key>
			<wp:meta_value><![CDATA[]]></wp:meta_value>
		</wp:postmeta>
		<wp:postmeta>
			<wp:meta_key><![CDATA[rate_review]]></wp:meta_key>
			<wp:meta_value><![CDATA[0]]></wp:meta_value>
		</wp:postmeta>
		<wp:postmeta>
			<wp:meta_key><![CDATA[_vc_post_settings]]></wp:meta_key>
			<wp:meta_value><![CDATA[a:1:{s:10:"vc_grid_id";a:0:{}}]]></wp:meta_value>
		</wp:postmeta>
		<wp:postmeta>
			<wp:meta_key><![CDATA[_wpb_shortcodes_custom_css]]></wp:meta_key>
			<wp:meta_value><![CDATA[.vc_custom_1420890480115{margin-bottom: 30px !important;}]]></wp:meta_value>
		</wp:postmeta>
		<wp:postmeta>
			<wp:meta_key><![CDATA[rate_review]]></wp:meta_key>
			<wp:meta_value><![CDATA[0]]></wp:meta_value>
		</wp:postmeta>
		<wp:postmeta>
			<wp:meta_key><![CDATA[rate_review]]></wp:meta_key>
			<wp:meta_value><![CDATA[0]]></wp:meta_value>
		</wp:postmeta>
		<wp:postmeta>
			<wp:meta_key><![CDATA[_wpb_vc_js_status]]></wp:meta_key>
			<wp:meta_value><![CDATA[true]]></wp:meta_value>
		</wp:postmeta>
		<wp:postmeta>
			<wp:meta_key><![CDATA[_wpb_vc_js_interface_version]]></wp:meta_key>
			<wp:meta_value><![CDATA[2]]></wp:meta_value>
		</wp:postmeta>
		<wp:postmeta>
			<wp:meta_key><![CDATA[vc_teaser]]></wp:meta_key>
			<wp:meta_value><![CDATA[a:2:{s:4:"data";s:115:"[{"name":"title","link":"post"},{"name":"image","image":"featured","link":"none"},{"name":"text","mode":"excerpt"}]";s:7:"bgcolor";s:0:"";}]]></wp:meta_value>
		</wp:postmeta>
		<wp:postmeta>
			<wp:meta_key><![CDATA[_wpb_shortcodes_custom_css]]></wp:meta_key>
			<wp:meta_value><![CDATA[.vc_custom_1420890480115{margin-bottom: 30px !important;}]]></wp:meta_value>
		</wp:postmeta>
		<wp:postmeta>
			<wp:meta_key><![CDATA[st_type_layout]]></wp:meta_key>
			<wp:meta_value><![CDATA[st_activity_search]]></wp:meta_value>
		</wp:postmeta>
		<wp:postmeta>
			<wp:meta_key><![CDATA[_vc_post_settings]]></wp:meta_key>
			<wp:meta_value><![CDATA[a:2:{s:7:"vc_grid";a:0:{}s:10:"vc_grid_id";a:0:{}}]]></wp:meta_value>
		</wp:postmeta>
		<wp:postmeta>
			<wp:meta_key><![CDATA[layout_size]]></wp:meta_key>
			<wp:meta_value><![CDATA[container]]></wp:meta_value>
		</wp:postmeta>
		<wp:postmeta>
			<wp:meta_key><![CDATA[is_breadcrumb]]></wp:meta_key>
			<wp:meta_value><![CDATA[on]]></wp:meta_value>
		</wp:postmeta>
	</item>
	<item>
		<title>Search Activity 2</title>
		<link>http://shinetheme.com/demosd/traveler/activity/?st_layouts=search-activity-2</link>
		<pubDate>Fri, 09 Jan 2015 10:35:36 +0000</pubDate>
		<dc:creator><![CDATA[admin]]></dc:creator>
		<guid isPermaLink="false">http://traveler.shinethemedev.com/wordpress/?post_type=st_layouts&#038;p=1508</guid>
		<description></description>
		<content:encoded><![CDATA[[vc_row][vc_column][st_search_activity_title][/vc_column][/vc_row][vc_row css=".vc_custom_1420890603793{margin-bottom: 30px !important;}"][vc_column width="1/4" el_class="col-sm2-5"][vc_widget_sidebar sidebar_id="activity-sidebar"][/vc_column][vc_column width="3/4" el_class="col-sm2-7"][st_activiry_content_search st_style="2"][/vc_column][/vc_row]]]></content:encoded>
		<excerpt:encoded><![CDATA[]]></excerpt:encoded>
		<wp:post_id>1508</wp:post_id>
		<wp:post_date><![CDATA[2015-01-09 10:35:36]]></wp:post_date>
		<wp:post_date_gmt><![CDATA[2015-01-09 10:35:36]]></wp:post_date_gmt>
		<wp:comment_status><![CDATA[closed]]></wp:comment_status>
		<wp:ping_status><![CDATA[closed]]></wp:ping_status>
		<wp:post_name><![CDATA[search-activity-2]]></wp:post_name>
		<wp:status><![CDATA[publish]]></wp:status>
		<wp:post_parent>0</wp:post_parent>
		<wp:menu_order>0</wp:menu_order>
		<wp:post_type><![CDATA[st_layouts]]></wp:post_type>
		<wp:post_password><![CDATA[]]></wp:post_password>
		<wp:is_sticky>0</wp:is_sticky>
		<wp:postmeta>
			<wp:meta_key><![CDATA[min_price]]></wp:meta_key>
			<wp:meta_value><![CDATA[]]></wp:meta_value>
		</wp:postmeta>
		<wp:postmeta>
			<wp:meta_key><![CDATA[rate_review]]></wp:meta_key>
			<wp:meta_value><![CDATA[0]]></wp:meta_value>
		</wp:postmeta>
		<wp:postmeta>
			<wp:meta_key><![CDATA[_vc_post_settings]]></wp:meta_key>
			<wp:meta_value><![CDATA[a:1:{s:10:"vc_grid_id";a:0:{}}]]></wp:meta_value>
		</wp:postmeta>
		<wp:postmeta>
			<wp:meta_key><![CDATA[_wpb_shortcodes_custom_css]]></wp:meta_key>
			<wp:meta_value><![CDATA[.vc_custom_1420890603793{margin-bottom: 30px !important;}]]></wp:meta_value>
		</wp:postmeta>
		<wp:postmeta>
			<wp:meta_key><![CDATA[rate_review]]></wp:meta_key>
			<wp:meta_value><![CDATA[0]]></wp:meta_value>
		</wp:postmeta>
		<wp:postmeta>
			<wp:meta_key><![CDATA[rate_review]]></wp:meta_key>
			<wp:meta_value><![CDATA[0]]></wp:meta_value>
		</wp:postmeta>
		<wp:postmeta>
			<wp:meta_key><![CDATA[rate_review]]></wp:meta_key>
			<wp:meta_value><![CDATA[0]]></wp:meta_value>
		</wp:postmeta>
		<wp:postmeta>
			<wp:meta_key><![CDATA[_wpb_vc_js_status]]></wp:meta_key>
			<wp:meta_value><![CDATA[true]]></wp:meta_value>
		</wp:postmeta>
		<wp:postmeta>
			<wp:meta_key><![CDATA[_wpb_vc_js_interface_version]]></wp:meta_key>
			<wp:meta_value><![CDATA[2]]></wp:meta_value>
		</wp:postmeta>
		<wp:postmeta>
			<wp:meta_key><![CDATA[vc_teaser]]></wp:meta_key>
			<wp:meta_value><![CDATA[a:2:{s:4:"data";s:115:"[{"name":"title","link":"post"},{"name":"image","image":"featured","link":"none"},{"name":"text","mode":"excerpt"}]";s:7:"bgcolor";s:0:"";}]]></wp:meta_value>
		</wp:postmeta>
		<wp:postmeta>
			<wp:meta_key><![CDATA[_dp_original]]></wp:meta_key>
			<wp:meta_value><![CDATA[1490]]></wp:meta_value>
		</wp:postmeta>
		<wp:postmeta>
			<wp:meta_key><![CDATA[_wpb_shortcodes_custom_css]]></wp:meta_key>
			<wp:meta_value><![CDATA[.vc_custom_1420890603793{margin-bottom: 30px !important;}]]></wp:meta_value>
		</wp:postmeta>
		<wp:postmeta>
			<wp:meta_key><![CDATA[st_type_layout]]></wp:meta_key>
			<wp:meta_value><![CDATA[st_activity_search]]></wp:meta_value>
		</wp:postmeta>
		<wp:postmeta>
			<wp:meta_key><![CDATA[_vc_post_settings]]></wp:meta_key>
			<wp:meta_value><![CDATA[a:2:{s:7:"vc_grid";a:0:{}s:10:"vc_grid_id";a:0:{}}]]></wp:meta_value>
		</wp:postmeta>
		<wp:postmeta>
			<wp:meta_key><![CDATA[layout_size]]></wp:meta_key>
			<wp:meta_value><![CDATA[container]]></wp:meta_value>
		</wp:postmeta>
		<wp:postmeta>
			<wp:meta_key><![CDATA[is_breadcrumb]]></wp:meta_key>
			<wp:meta_value><![CDATA[on]]></wp:meta_value>
		</wp:postmeta>
	</item>
	<item>
		<title>Search Activity 3</title>
		<link>http://shinetheme.com/demosd/traveler/activity/?st_layouts=search-activity-2-2</link>
		<pubDate>Fri, 09 Jan 2015 10:38:53 +0000</pubDate>
		<dc:creator><![CDATA[admin]]></dc:creator>
		<guid isPermaLink="false">http://traveler.shinethemedev.com/wordpress/?post_type=st_layouts&#038;p=1510</guid>
		<description></description>
		<content:encoded><![CDATA[[vc_row][vc_column][st_search_activity_title][/vc_column][/vc_row][vc_row css=".vc_custom_1420800507130{margin-bottom: 30px !important;}"][vc_column][st_single_search st_list_form="activities" st_direction="horizontal" st_style_search="style_2" st_box_shadow="yes"][/vc_column][/vc_row][vc_row css=".vc_custom_1420800573771{margin-bottom: 30px !important;}"][vc_column width="1/4" el_class="col-sm2-5"][vc_widget_sidebar sidebar_id="activity-sidebar"][/vc_column][vc_column width="3/4" el_class="col-sm2-7"][st_activiry_content_search][/vc_column][/vc_row]]]></content:encoded>
		<excerpt:encoded><![CDATA[]]></excerpt:encoded>
		<wp:post_id>1510</wp:post_id>
		<wp:post_date><![CDATA[2015-01-09 10:38:53]]></wp:post_date>
		<wp:post_date_gmt><![CDATA[2015-01-09 10:38:53]]></wp:post_date_gmt>
		<wp:comment_status><![CDATA[closed]]></wp:comment_status>
		<wp:ping_status><![CDATA[closed]]></wp:ping_status>
		<wp:post_name><![CDATA[search-activity-2-2]]></wp:post_name>
		<wp:status><![CDATA[publish]]></wp:status>
		<wp:post_parent>0</wp:post_parent>
		<wp:menu_order>0</wp:menu_order>
		<wp:post_type><![CDATA[st_layouts]]></wp:post_type>
		<wp:post_password><![CDATA[]]></wp:post_password>
		<wp:is_sticky>0</wp:is_sticky>
		<wp:postmeta>
			<wp:meta_key><![CDATA[min_price]]></wp:meta_key>
			<wp:meta_value><![CDATA[]]></wp:meta_value>
		</wp:postmeta>
		<wp:postmeta>
			<wp:meta_key><![CDATA[rate_review]]></wp:meta_key>
			<wp:meta_value><![CDATA[0]]></wp:meta_value>
		</wp:postmeta>
		<wp:postmeta>
			<wp:meta_key><![CDATA[_vc_post_settings]]></wp:meta_key>
			<wp:meta_value><![CDATA[a:1:{s:10:"vc_grid_id";a:0:{}}]]></wp:meta_value>
		</wp:postmeta>
		<wp:postmeta>
			<wp:meta_key><![CDATA[_wpb_shortcodes_custom_css]]></wp:meta_key>
			<wp:meta_value><![CDATA[.vc_custom_1420800507130{margin-bottom: 30px !important;}.vc_custom_1420800573771{margin-bottom: 30px !important;}]]></wp:meta_value>
		</wp:postmeta>
		<wp:postmeta>
			<wp:meta_key><![CDATA[rate_review]]></wp:meta_key>
			<wp:meta_value><![CDATA[0]]></wp:meta_value>
		</wp:postmeta>
		<wp:postmeta>
			<wp:meta_key><![CDATA[rate_review]]></wp:meta_key>
			<wp:meta_value><![CDATA[0]]></wp:meta_value>
		</wp:postmeta>
		<wp:postmeta>
			<wp:meta_key><![CDATA[rate_review]]></wp:meta_key>
			<wp:meta_value><![CDATA[0]]></wp:meta_value>
		</wp:postmeta>
		<wp:postmeta>
			<wp:meta_key><![CDATA[rate_review]]></wp:meta_key>
			<wp:meta_value><![CDATA[0]]></wp:meta_value>
		</wp:postmeta>
		<wp:postmeta>
			<wp:meta_key><![CDATA[_wpb_vc_js_status]]></wp:meta_key>
			<wp:meta_value><![CDATA[true]]></wp:meta_value>
		</wp:postmeta>
		<wp:postmeta>
			<wp:meta_key><![CDATA[_wpb_vc_js_interface_version]]></wp:meta_key>
			<wp:meta_value><![CDATA[2]]></wp:meta_value>
		</wp:postmeta>
		<wp:postmeta>
			<wp:meta_key><![CDATA[vc_teaser]]></wp:meta_key>
			<wp:meta_value><![CDATA[a:2:{s:4:"data";s:115:"[{"name":"title","link":"post"},{"name":"image","image":"featured","link":"none"},{"name":"text","mode":"excerpt"}]";s:7:"bgcolor";s:0:"";}]]></wp:meta_value>
		</wp:postmeta>
		<wp:postmeta>
			<wp:meta_key><![CDATA[_dp_original]]></wp:meta_key>
			<wp:meta_value><![CDATA[1508]]></wp:meta_value>
		</wp:postmeta>
		<wp:postmeta>
			<wp:meta_key><![CDATA[_wpb_shortcodes_custom_css]]></wp:meta_key>
			<wp:meta_value><![CDATA[.vc_custom_1420800507130{margin-bottom: 30px !important;}.vc_custom_1420800573771{margin-bottom: 30px !important;}]]></wp:meta_value>
		</wp:postmeta>
		<wp:postmeta>
			<wp:meta_key><![CDATA[st_type_layout]]></wp:meta_key>
			<wp:meta_value><![CDATA[st_activity_search]]></wp:meta_value>
		</wp:postmeta>
		<wp:postmeta>
			<wp:meta_key><![CDATA[_vc_post_settings]]></wp:meta_key>
			<wp:meta_value><![CDATA[a:2:{s:7:"vc_grid";a:0:{}s:10:"vc_grid_id";a:0:{}}]]></wp:meta_value>
		</wp:postmeta>
		<wp:postmeta>
			<wp:meta_key><![CDATA[layout_size]]></wp:meta_key>
			<wp:meta_value><![CDATA[container]]></wp:meta_value>
		</wp:postmeta>
		<wp:postmeta>
			<wp:meta_key><![CDATA[is_breadcrumb]]></wp:meta_key>
			<wp:meta_value><![CDATA[on]]></wp:meta_value>
		</wp:postmeta>
	</item>
	<item>
		<title>Search Activity 5</title>
		<link>http://shinetheme.com/demosd/traveler/activity/?st_layouts=search-activity-5</link>
		<pubDate>Fri, 09 Jan 2015 10:42:25 +0000</pubDate>
		<dc:creator><![CDATA[admin]]></dc:creator>
		<guid isPermaLink="false">http://traveler.shinethemedev.com/wordpress/?post_type=st_layouts&#038;p=1512</guid>
		<description></description>
		<content:encoded><![CDATA[[vc_row][vc_column][st_search_activity_title][/vc_column][/vc_row][vc_row css=".vc_custom_1420890625434{margin-bottom: 30px !important;}"][vc_column width="1/4" el_class="col-sm2-5"][vc_widget_sidebar sidebar_id="activity-sidebar"][/vc_column][vc_column width="3/4" el_class="col-sm2-7"][st_activiry_content_search][/vc_column][/vc_row]]]></content:encoded>
		<excerpt:encoded><![CDATA[]]></excerpt:encoded>
		<wp:post_id>1512</wp:post_id>
		<wp:post_date><![CDATA[2015-01-09 10:42:25]]></wp:post_date>
		<wp:post_date_gmt><![CDATA[2015-01-09 10:42:25]]></wp:post_date_gmt>
		<wp:comment_status><![CDATA[closed]]></wp:comment_status>
		<wp:ping_status><![CDATA[closed]]></wp:ping_status>
		<wp:post_name><![CDATA[search-activity-5]]></wp:post_name>
		<wp:status><![CDATA[publish]]></wp:status>
		<wp:post_parent>0</wp:post_parent>
		<wp:menu_order>0</wp:menu_order>
		<wp:post_type><![CDATA[st_layouts]]></wp:post_type>
		<wp:post_password><![CDATA[]]></wp:post_password>
		<wp:is_sticky>0</wp:is_sticky>
		<wp:postmeta>
			<wp:meta_key><![CDATA[min_price]]></wp:meta_key>
			<wp:meta_value><![CDATA[]]></wp:meta_value>
		</wp:postmeta>
		<wp:postmeta>
			<wp:meta_key><![CDATA[rate_review]]></wp:meta_key>
			<wp:meta_value><![CDATA[0]]></wp:meta_value>
		</wp:postmeta>
		<wp:postmeta>
			<wp:meta_key><![CDATA[_vc_post_settings]]></wp:meta_key>
			<wp:meta_value><![CDATA[a:1:{s:10:"vc_grid_id";a:0:{}}]]></wp:meta_value>
		</wp:postmeta>
		<wp:postmeta>
			<wp:meta_key><![CDATA[_wpb_shortcodes_custom_css]]></wp:meta_key>
			<wp:meta_value><![CDATA[.vc_custom_1420890625434{margin-bottom: 30px !important;}]]></wp:meta_value>
		</wp:postmeta>
		<wp:postmeta>
			<wp:meta_key><![CDATA[rate_review]]></wp:meta_key>
			<wp:meta_value><![CDATA[0]]></wp:meta_value>
		</wp:postmeta>
		<wp:postmeta>
			<wp:meta_key><![CDATA[rate_review]]></wp:meta_key>
			<wp:meta_value><![CDATA[0]]></wp:meta_value>
		</wp:postmeta>
		<wp:postmeta>
			<wp:meta_key><![CDATA[rate_review]]></wp:meta_key>
			<wp:meta_value><![CDATA[0]]></wp:meta_value>
		</wp:postmeta>
		<wp:postmeta>
			<wp:meta_key><![CDATA[_wpb_vc_js_status]]></wp:meta_key>
			<wp:meta_value><![CDATA[true]]></wp:meta_value>
		</wp:postmeta>
		<wp:postmeta>
			<wp:meta_key><![CDATA[_wpb_vc_js_interface_version]]></wp:meta_key>
			<wp:meta_value><![CDATA[2]]></wp:meta_value>
		</wp:postmeta>
		<wp:postmeta>
			<wp:meta_key><![CDATA[vc_teaser]]></wp:meta_key>
			<wp:meta_value><![CDATA[a:2:{s:4:"data";s:115:"[{"name":"title","link":"post"},{"name":"image","image":"featured","link":"none"},{"name":"text","mode":"excerpt"}]";s:7:"bgcolor";s:0:"";}]]></wp:meta_value>
		</wp:postmeta>
		<wp:postmeta>
			<wp:meta_key><![CDATA[_dp_original]]></wp:meta_key>
			<wp:meta_value><![CDATA[1490]]></wp:meta_value>
		</wp:postmeta>
		<wp:postmeta>
			<wp:meta_key><![CDATA[_wpb_shortcodes_custom_css]]></wp:meta_key>
			<wp:meta_value><![CDATA[.vc_custom_1420890625434{margin-bottom: 30px !important;}]]></wp:meta_value>
		</wp:postmeta>
		<wp:postmeta>
			<wp:meta_key><![CDATA[st_type_layout]]></wp:meta_key>
			<wp:meta_value><![CDATA[st_activity_search]]></wp:meta_value>
		</wp:postmeta>
		<wp:postmeta>
			<wp:meta_key><![CDATA[_vc_post_settings]]></wp:meta_key>
			<wp:meta_value><![CDATA[a:2:{s:7:"vc_grid";a:0:{}s:10:"vc_grid_id";a:0:{}}]]></wp:meta_value>
		</wp:postmeta>
		<wp:postmeta>
			<wp:meta_key><![CDATA[layout_size]]></wp:meta_key>
			<wp:meta_value><![CDATA[container]]></wp:meta_value>
		</wp:postmeta>
		<wp:postmeta>
			<wp:meta_key><![CDATA[is_breadcrumb]]></wp:meta_key>
			<wp:meta_value><![CDATA[on]]></wp:meta_value>
		</wp:postmeta>
	</item>
	<item>
		<title>Search Activity 4</title>
		<link>http://shinetheme.com/demosd/traveler/activity/?st_layouts=search-activity-1-2</link>
		<pubDate>Fri, 09 Jan 2015 10:49:12 +0000</pubDate>
		<dc:creator><![CDATA[admin]]></dc:creator>
		<guid isPermaLink="false">http://traveler.shinethemedev.com/wordpress/?post_type=st_layouts&#038;p=1514</guid>
		<description></description>
		<content:encoded><![CDATA[[vc_row][vc_column][st_search_activity_title][/vc_column][/vc_row][vc_row][vc_column width="1/4" el_class="col-sm2-5"][vc_widget_sidebar sidebar_id="activity-sidebar-2"][/vc_column][vc_column width="3/4" el_class="col-sm2-7"][st_activiry_content_search][/vc_column][/vc_row]]]></content:encoded>
		<excerpt:encoded><![CDATA[]]></excerpt:encoded>
		<wp:post_id>1514</wp:post_id>
		<wp:post_date><![CDATA[2015-01-09 10:49:12]]></wp:post_date>
		<wp:post_date_gmt><![CDATA[2015-01-09 10:49:12]]></wp:post_date_gmt>
		<wp:comment_status><![CDATA[closed]]></wp:comment_status>
		<wp:ping_status><![CDATA[closed]]></wp:ping_status>
		<wp:post_name><![CDATA[search-activity-1-2]]></wp:post_name>
		<wp:status><![CDATA[publish]]></wp:status>
		<wp:post_parent>0</wp:post_parent>
		<wp:menu_order>0</wp:menu_order>
		<wp:post_type><![CDATA[st_layouts]]></wp:post_type>
		<wp:post_password><![CDATA[]]></wp:post_password>
		<wp:is_sticky>0</wp:is_sticky>
		<wp:postmeta>
			<wp:meta_key><![CDATA[min_price]]></wp:meta_key>
			<wp:meta_value><![CDATA[]]></wp:meta_value>
		</wp:postmeta>
		<wp:postmeta>
			<wp:meta_key><![CDATA[rate_review]]></wp:meta_key>
			<wp:meta_value><![CDATA[0]]></wp:meta_value>
		</wp:postmeta>
		<wp:postmeta>
			<wp:meta_key><![CDATA[_vc_post_settings]]></wp:meta_key>
			<wp:meta_value><![CDATA[a:1:{s:10:"vc_grid_id";a:0:{}}]]></wp:meta_value>
		</wp:postmeta>
		<wp:postmeta>
			<wp:meta_key><![CDATA[rate_review]]></wp:meta_key>
			<wp:meta_value><![CDATA[0]]></wp:meta_value>
		</wp:postmeta>
		<wp:postmeta>
			<wp:meta_key><![CDATA[rate_review]]></wp:meta_key>
			<wp:meta_value><![CDATA[0]]></wp:meta_value>
		</wp:postmeta>
		<wp:postmeta>
			<wp:meta_key><![CDATA[rate_review]]></wp:meta_key>
			<wp:meta_value><![CDATA[0]]></wp:meta_value>
		</wp:postmeta>
		<wp:postmeta>
			<wp:meta_key><![CDATA[_wpb_vc_js_status]]></wp:meta_key>
			<wp:meta_value><![CDATA[true]]></wp:meta_value>
		</wp:postmeta>
		<wp:postmeta>
			<wp:meta_key><![CDATA[_wpb_vc_js_interface_version]]></wp:meta_key>
			<wp:meta_value><![CDATA[2]]></wp:meta_value>
		</wp:postmeta>
		<wp:postmeta>
			<wp:meta_key><![CDATA[vc_teaser]]></wp:meta_key>
			<wp:meta_value><![CDATA[a:2:{s:4:"data";s:115:"[{"name":"title","link":"post"},{"name":"image","image":"featured","link":"none"},{"name":"text","mode":"excerpt"}]";s:7:"bgcolor";s:0:"";}]]></wp:meta_value>
		</wp:postmeta>
		<wp:postmeta>
			<wp:meta_key><![CDATA[_dp_original]]></wp:meta_key>
			<wp:meta_value><![CDATA[1490]]></wp:meta_value>
		</wp:postmeta>
		<wp:postmeta>
			<wp:meta_key><![CDATA[st_type_layout]]></wp:meta_key>
			<wp:meta_value><![CDATA[st_activity_search]]></wp:meta_value>
		</wp:postmeta>
		<wp:postmeta>
			<wp:meta_key><![CDATA[_vc_post_settings]]></wp:meta_key>
			<wp:meta_value><![CDATA[a:2:{s:7:"vc_grid";a:0:{}s:10:"vc_grid_id";a:0:{}}]]></wp:meta_value>
		</wp:postmeta>
		<wp:postmeta>
			<wp:meta_key><![CDATA[layout_size]]></wp:meta_key>
			<wp:meta_value><![CDATA[container]]></wp:meta_value>
		</wp:postmeta>
		<wp:postmeta>
			<wp:meta_key><![CDATA[is_breadcrumb]]></wp:meta_key>
			<wp:meta_value><![CDATA[on]]></wp:meta_value>
		</wp:postmeta>
	</item>
</channel>
</rss>
