<?xml version="1.0" encoding="UTF-8" ?>
<!-- This is a WordPress eXtended RSS file generated by WordPress as an export of your site. -->
<!-- It contains information about your site's posts, pages, comments, categories, and other content. -->
<!-- You may use this file to transfer that content from one site to another. -->
<!-- This file is not intended to serve as a complete backup of your site. -->

<!-- To import this information into a WordPress site follow these steps: -->
<!-- 1. Log in to that site as an administrator. -->
<!-- 2. Go to Tools: Import in the WordPress admin panel. -->
<!-- 3. Install the "WordPress" importer from the list. -->
<!-- 4. Activate & Run Importer. -->
<!-- 5. Upload this file using the form provided on that page. -->
<!-- 6. You will first be asked to map the authors in this export file to users -->
<!--    on the site. For each author, you may choose to map to an -->
<!--    existing user on the site or to create a new user. -->
<!-- 7. WordPress will then import each of the posts, pages, comments, categories, etc. -->
<!--    contained in this file into your site. -->

<!-- generator="WordPress/4.7.3" created="2017-03-23 08:40" -->
<rss version="2.0"
	xmlns:excerpt="http://wordpress.org/export/1.2/excerpt/"
	xmlns:content="http://purl.org/rss/1.0/modules/content/"
	xmlns:wfw="http://wellformedweb.org/CommentAPI/"
	xmlns:dc="http://purl.org/dc/elements/1.1/"
	xmlns:wp="http://wordpress.org/export/1.2/"
>

<channel>
	<title>Traveler Activity</title>
	<link>http://shinetheme.com/demosd/traveler/activity</link>
	<description>Just another WordPress site</description>
	<pubDate>Thu, 23 Mar 2017 08:40:03 +0000</pubDate>
	<language>en-US</language>
	<wp:wxr_version>1.2</wp:wxr_version>
	<wp:base_site_url>http://shinetheme.com/demosd/traveler/activity</wp:base_site_url>
	<wp:base_blog_url>http://shinetheme.com/demosd/traveler/activity</wp:base_blog_url>

	<wp:author><wp:author_id>1</wp:author_id><wp:author_login><![CDATA[admin]]></wp:author_login><wp:author_email><![CDATA[hanhdo@shinetheme.com]]></wp:author_email><wp:author_display_name><![CDATA[admin]]></wp:author_display_name><wp:author_first_name><![CDATA[]]></wp:author_first_name><wp:author_last_name><![CDATA[]]></wp:author_last_name></wp:author>


	<generator>https://wordpress.org/?v=4.7.3</generator>

	<item>
		<title>logo-white</title>
		<link>http://shinetheme.com/demosd/traveler/activity/?attachment_id=5896</link>
		<pubDate>Thu, 02 Mar 2017 07:03:45 +0000</pubDate>
		<dc:creator><![CDATA[admin]]></dc:creator>
		<guid isPermaLink="false">http://shinetheme.com/demosd/traveler/activity/wp-content/uploads/2017/03/logo-white.png</guid>
		<description></description>
		<content:encoded><![CDATA[]]></content:encoded>
		<excerpt:encoded><![CDATA[]]></excerpt:encoded>
		<wp:post_id>5896</wp:post_id>
		<wp:post_date><![CDATA[2017-03-02 07:03:45]]></wp:post_date>
		<wp:post_date_gmt><![CDATA[2017-03-02 07:03:45]]></wp:post_date_gmt>
		<wp:comment_status><![CDATA[open]]></wp:comment_status>
		<wp:ping_status><![CDATA[closed]]></wp:ping_status>
		<wp:post_name><![CDATA[logo-white]]></wp:post_name>
		<wp:status><![CDATA[inherit]]></wp:status>
		<wp:post_parent>5</wp:post_parent>
		<wp:menu_order>0</wp:menu_order>
		<wp:post_type><![CDATA[attachment]]></wp:post_type>
		<wp:post_password><![CDATA[]]></wp:post_password>
		<wp:is_sticky>0</wp:is_sticky>
		<wp:attachment_url><![CDATA[http://shinetheme.com/demosd/traveler/activity/wp-content/uploads/2017/03/logo-white.png]]></wp:attachment_url>
		<wp:postmeta>
			<wp:meta_key><![CDATA[_wp_attached_file]]></wp:meta_key>
			<wp:meta_value><![CDATA[2017/03/logo-white.png]]></wp:meta_value>
		</wp:postmeta>
		<wp:postmeta>
			<wp:meta_key><![CDATA[_wp_attachment_metadata]]></wp:meta_key>
			<wp:meta_value><![CDATA[a:5:{s:5:"width";i:110;s:6:"height";i:40;s:4:"file";s:22:"2017/03/logo-white.png";s:5:"sizes";a:7:{s:9:"thumbnail";a:4:{s:4:"file";s:22:"logo-white-150x150.png";s:5:"width";i:150;s:6:"height";i:150;s:9:"mime-type";s:9:"image/png";}s:6:"medium";a:4:{s:4:"file";s:22:"logo-white-300x300.png";s:5:"width";i:300;s:6:"height";i:300;s:9:"mime-type";s:9:"image/png";}s:12:"medium_large";a:4:{s:4:"file";s:22:"logo-white-768x279.png";s:5:"width";i:768;s:6:"height";i:279;s:9:"mime-type";s:9:"image/png";}s:5:"large";a:4:{s:4:"file";s:24:"logo-white-1024x1024.png";s:5:"width";i:1024;s:6:"height";i:1024;s:9:"mime-type";s:9:"image/png";}s:14:"shop_thumbnail";a:4:{s:4:"file";s:22:"logo-white-180x180.png";s:5:"width";i:180;s:6:"height";i:180;s:9:"mime-type";s:9:"image/png";}s:12:"shop_catalog";a:4:{s:4:"file";s:22:"logo-white-300x300.png";s:5:"width";i:300;s:6:"height";i:300;s:9:"mime-type";s:9:"image/png";}s:11:"shop_single";a:4:{s:4:"file";s:22:"logo-white-600x600.png";s:5:"width";i:600;s:6:"height";i:600;s:9:"mime-type";s:9:"image/png";}}s:10:"image_meta";a:12:{s:8:"aperture";s:1:"0";s:6:"credit";s:0:"";s:6:"camera";s:0:"";s:7:"caption";s:0:"";s:17:"created_timestamp";s:1:"0";s:9:"copyright";s:0:"";s:12:"focal_length";s:1:"0";s:3:"iso";s:1:"0";s:13:"shutter_speed";s:1:"0";s:5:"title";s:0:"";s:11:"orientation";s:1:"0";s:8:"keywords";a:0:{}}}]]></wp:meta_value>
		</wp:postmeta>
	</item>
	<item>
		<title>img13</title>
		<link>http://shinetheme.com/demosd/traveler/activity/?attachment_id=5897</link>
		<pubDate>Thu, 02 Mar 2017 07:04:05 +0000</pubDate>
		<dc:creator><![CDATA[admin]]></dc:creator>
		<guid isPermaLink="false">http://shinetheme.com/demosd/traveler/activity/wp-content/uploads/2014/11/img13.png</guid>
		<description></description>
		<content:encoded><![CDATA[]]></content:encoded>
		<excerpt:encoded><![CDATA[]]></excerpt:encoded>
		<wp:post_id>5897</wp:post_id>
		<wp:post_date><![CDATA[2017-03-02 07:04:05]]></wp:post_date>
		<wp:post_date_gmt><![CDATA[2017-03-02 07:04:05]]></wp:post_date_gmt>
		<wp:comment_status><![CDATA[open]]></wp:comment_status>
		<wp:ping_status><![CDATA[closed]]></wp:ping_status>
		<wp:post_name><![CDATA[img13]]></wp:post_name>
		<wp:status><![CDATA[inherit]]></wp:status>
		<wp:post_parent>289</wp:post_parent>
		<wp:menu_order>0</wp:menu_order>
		<wp:post_type><![CDATA[attachment]]></wp:post_type>
		<wp:post_password><![CDATA[]]></wp:post_password>
		<wp:is_sticky>0</wp:is_sticky>
		<wp:attachment_url><![CDATA[http://shinetheme.com/demosd/traveler/activity/wp-content/uploads/2014/11/img13.png]]></wp:attachment_url>
		<wp:postmeta>
			<wp:meta_key><![CDATA[_wp_attached_file]]></wp:meta_key>
			<wp:meta_value><![CDATA[2014/11/img13.png]]></wp:meta_value>
		</wp:postmeta>
		<wp:postmeta>
			<wp:meta_key><![CDATA[_wp_attachment_metadata]]></wp:meta_key>
			<wp:meta_value><![CDATA[a:5:{s:5:"width";i:1415;s:6:"height";i:841;s:4:"file";s:17:"2014/11/img13.png";s:5:"sizes";a:11:{s:9:"thumbnail";a:4:{s:4:"file";s:17:"img13-150x150.png";s:5:"width";i:150;s:6:"height";i:150;s:9:"mime-type";s:9:"image/png";}s:6:"medium";a:4:{s:4:"file";s:17:"img13-300x300.png";s:5:"width";i:300;s:6:"height";i:300;s:9:"mime-type";s:9:"image/png";}s:12:"medium_large";a:4:{s:4:"file";s:17:"img13-768x456.png";s:5:"width";i:768;s:6:"height";i:456;s:9:"mime-type";s:9:"image/png";}s:5:"large";a:4:{s:4:"file";s:19:"img13-1024x1024.png";s:5:"width";i:1024;s:6:"height";i:1024;s:9:"mime-type";s:9:"image/png";}s:14:"shop_thumbnail";a:4:{s:4:"file";s:17:"img13-180x180.png";s:5:"width";i:180;s:6:"height";i:180;s:9:"mime-type";s:9:"image/png";}s:12:"shop_catalog";a:4:{s:4:"file";s:17:"img13-300x300.png";s:5:"width";i:300;s:6:"height";i:300;s:9:"mime-type";s:9:"image/png";}s:11:"shop_single";a:4:{s:4:"file";s:17:"img13-600x600.png";s:5:"width";i:600;s:6:"height";i:600;s:9:"mime-type";s:9:"image/png";}s:7:"266x266";a:4:{s:4:"file";s:17:"img13-266x266.png";s:5:"width";i:266;s:6:"height";i:266;s:9:"mime-type";s:9:"image/png";}s:7:"263x197";a:4:{s:4:"file";s:17:"img13-263x197.png";s:5:"width";i:263;s:6:"height";i:197;s:9:"mime-type";s:9:"image/png";}s:7:"800x600";a:4:{s:4:"file";s:17:"img13-800x600.png";s:5:"width";i:800;s:6:"height";i:600;s:9:"mime-type";s:9:"image/png";}s:7:"278x208";a:4:{s:4:"file";s:17:"img13-278x208.png";s:5:"width";i:278;s:6:"height";i:208;s:9:"mime-type";s:9:"image/png";}}s:10:"image_meta";a:12:{s:8:"aperture";s:1:"0";s:6:"credit";s:0:"";s:6:"camera";s:0:"";s:7:"caption";s:0:"";s:17:"created_timestamp";s:1:"0";s:9:"copyright";s:0:"";s:12:"focal_length";s:1:"0";s:3:"iso";s:1:"0";s:13:"shutter_speed";s:1:"0";s:5:"title";s:0:"";s:11:"orientation";s:1:"0";s:8:"keywords";a:0:{}}}]]></wp:meta_value>
		</wp:postmeta>
	</item>
	<item>
		<title>americanexpress</title>
		<link>http://shinetheme.com/demosd/traveler/activity/?attachment_id=5901</link>
		<pubDate>Thu, 02 Mar 2017 07:06:52 +0000</pubDate>
		<dc:creator><![CDATA[admin]]></dc:creator>
		<guid isPermaLink="false">http://shinetheme.com/demosd/traveler/activity/wp-content/uploads/2017/03/americanexpress.png</guid>
		<description></description>
		<content:encoded><![CDATA[]]></content:encoded>
		<excerpt:encoded><![CDATA[]]></excerpt:encoded>
		<wp:post_id>5901</wp:post_id>
		<wp:post_date><![CDATA[2017-03-02 07:06:52]]></wp:post_date>
		<wp:post_date_gmt><![CDATA[2017-03-02 07:06:52]]></wp:post_date_gmt>
		<wp:comment_status><![CDATA[open]]></wp:comment_status>
		<wp:ping_status><![CDATA[closed]]></wp:ping_status>
		<wp:post_name><![CDATA[americanexpress]]></wp:post_name>
		<wp:status><![CDATA[inherit]]></wp:status>
		<wp:post_parent>5</wp:post_parent>
		<wp:menu_order>0</wp:menu_order>
		<wp:post_type><![CDATA[attachment]]></wp:post_type>
		<wp:post_password><![CDATA[]]></wp:post_password>
		<wp:is_sticky>0</wp:is_sticky>
		<wp:attachment_url><![CDATA[http://shinetheme.com/demosd/traveler/activity/wp-content/uploads/2017/03/americanexpress.png]]></wp:attachment_url>
		<wp:postmeta>
			<wp:meta_key><![CDATA[_wp_attached_file]]></wp:meta_key>
			<wp:meta_value><![CDATA[2017/03/americanexpress.png]]></wp:meta_value>
		</wp:postmeta>
		<wp:postmeta>
			<wp:meta_key><![CDATA[_wp_attachment_metadata]]></wp:meta_key>
			<wp:meta_value><![CDATA[a:5:{s:5:"width";i:45;s:6:"height";i:28;s:4:"file";s:27:"2017/03/americanexpress.png";s:5:"sizes";a:7:{s:9:"thumbnail";a:4:{s:4:"file";s:27:"americanexpress-150x150.png";s:5:"width";i:150;s:6:"height";i:150;s:9:"mime-type";s:9:"image/png";}s:6:"medium";a:4:{s:4:"file";s:27:"americanexpress-300x300.png";s:5:"width";i:300;s:6:"height";i:300;s:9:"mime-type";s:9:"image/png";}s:12:"medium_large";a:4:{s:4:"file";s:27:"americanexpress-768x477.png";s:5:"width";i:768;s:6:"height";i:477;s:9:"mime-type";s:9:"image/png";}s:5:"large";a:4:{s:4:"file";s:29:"americanexpress-1024x1024.png";s:5:"width";i:1024;s:6:"height";i:1024;s:9:"mime-type";s:9:"image/png";}s:14:"shop_thumbnail";a:4:{s:4:"file";s:27:"americanexpress-180x180.png";s:5:"width";i:180;s:6:"height";i:180;s:9:"mime-type";s:9:"image/png";}s:12:"shop_catalog";a:4:{s:4:"file";s:27:"americanexpress-300x300.png";s:5:"width";i:300;s:6:"height";i:300;s:9:"mime-type";s:9:"image/png";}s:11:"shop_single";a:4:{s:4:"file";s:27:"americanexpress-600x600.png";s:5:"width";i:600;s:6:"height";i:600;s:9:"mime-type";s:9:"image/png";}}s:10:"image_meta";a:12:{s:8:"aperture";s:1:"0";s:6:"credit";s:0:"";s:6:"camera";s:0:"";s:7:"caption";s:0:"";s:17:"created_timestamp";s:1:"0";s:9:"copyright";s:0:"";s:12:"focal_length";s:1:"0";s:3:"iso";s:1:"0";s:13:"shutter_speed";s:1:"0";s:5:"title";s:0:"";s:11:"orientation";s:1:"0";s:8:"keywords";a:0:{}}}]]></wp:meta_value>
		</wp:postmeta>
	</item>
	<item>
		<title>img3</title>
		<link>http://shinetheme.com/demosd/traveler/activity/?attachment_id=5902</link>
		<pubDate>Thu, 02 Mar 2017 07:06:54 +0000</pubDate>
		<dc:creator><![CDATA[admin]]></dc:creator>
		<guid isPermaLink="false">http://shinetheme.com/demosd/traveler/activity/wp-content/uploads/2017/03/img3.gif</guid>
		<description></description>
		<content:encoded><![CDATA[]]></content:encoded>
		<excerpt:encoded><![CDATA[]]></excerpt:encoded>
		<wp:post_id>5902</wp:post_id>
		<wp:post_date><![CDATA[2017-03-02 07:06:54]]></wp:post_date>
		<wp:post_date_gmt><![CDATA[2017-03-02 07:06:54]]></wp:post_date_gmt>
		<wp:comment_status><![CDATA[open]]></wp:comment_status>
		<wp:ping_status><![CDATA[closed]]></wp:ping_status>
		<wp:post_name><![CDATA[img3]]></wp:post_name>
		<wp:status><![CDATA[inherit]]></wp:status>
		<wp:post_parent>5</wp:post_parent>
		<wp:menu_order>0</wp:menu_order>
		<wp:post_type><![CDATA[attachment]]></wp:post_type>
		<wp:post_password><![CDATA[]]></wp:post_password>
		<wp:is_sticky>0</wp:is_sticky>
		<wp:attachment_url><![CDATA[http://shinetheme.com/demosd/traveler/activity/wp-content/uploads/2017/03/img3.gif]]></wp:attachment_url>
		<wp:postmeta>
			<wp:meta_key><![CDATA[_wp_attached_file]]></wp:meta_key>
			<wp:meta_value><![CDATA[2017/03/img3.gif]]></wp:meta_value>
		</wp:postmeta>
		<wp:postmeta>
			<wp:meta_key><![CDATA[_wp_attachment_metadata]]></wp:meta_key>
			<wp:meta_value><![CDATA[a:5:{s:5:"width";i:600;s:6:"height";i:450;s:4:"file";s:16:"2017/03/img3.gif";s:5:"sizes";a:10:{s:9:"thumbnail";a:4:{s:4:"file";s:16:"img3-150x150.gif";s:5:"width";i:150;s:6:"height";i:150;s:9:"mime-type";s:9:"image/gif";}s:6:"medium";a:4:{s:4:"file";s:16:"img3-300x300.gif";s:5:"width";i:300;s:6:"height";i:300;s:9:"mime-type";s:9:"image/gif";}s:12:"medium_large";a:4:{s:4:"file";s:16:"img3-768x576.gif";s:5:"width";i:768;s:6:"height";i:576;s:9:"mime-type";s:9:"image/gif";}s:5:"large";a:4:{s:4:"file";s:18:"img3-1024x1024.gif";s:5:"width";i:1024;s:6:"height";i:1024;s:9:"mime-type";s:9:"image/gif";}s:14:"shop_thumbnail";a:4:{s:4:"file";s:16:"img3-180x180.gif";s:5:"width";i:180;s:6:"height";i:180;s:9:"mime-type";s:9:"image/gif";}s:12:"shop_catalog";a:4:{s:4:"file";s:16:"img3-300x300.gif";s:5:"width";i:300;s:6:"height";i:300;s:9:"mime-type";s:9:"image/gif";}s:11:"shop_single";a:4:{s:4:"file";s:16:"img3-600x600.gif";s:5:"width";i:600;s:6:"height";i:600;s:9:"mime-type";s:9:"image/gif";}s:7:"266x266";a:4:{s:4:"file";s:16:"img3-266x266.gif";s:5:"width";i:266;s:6:"height";i:266;s:9:"mime-type";s:9:"image/gif";}s:7:"263x197";a:4:{s:4:"file";s:16:"img3-263x197.gif";s:5:"width";i:263;s:6:"height";i:197;s:9:"mime-type";s:9:"image/gif";}s:7:"800x600";a:4:{s:4:"file";s:16:"img3-800x600.gif";s:5:"width";i:800;s:6:"height";i:600;s:9:"mime-type";s:9:"image/gif";}}s:10:"image_meta";a:12:{s:8:"aperture";s:1:"0";s:6:"credit";s:0:"";s:6:"camera";s:0:"";s:7:"caption";s:0:"";s:17:"created_timestamp";s:1:"0";s:9:"copyright";s:0:"";s:12:"focal_length";s:1:"0";s:3:"iso";s:1:"0";s:13:"shutter_speed";s:1:"0";s:5:"title";s:0:"";s:11:"orientation";s:1:"0";s:8:"keywords";a:0:{}}}]]></wp:meta_value>
		</wp:postmeta>
	</item>
	<item>
		<title>img4</title>
		<link>http://shinetheme.com/demosd/traveler/activity/?attachment_id=5903</link>
		<pubDate>Thu, 02 Mar 2017 07:06:57 +0000</pubDate>
		<dc:creator><![CDATA[admin]]></dc:creator>
		<guid isPermaLink="false">http://shinetheme.com/demosd/traveler/activity/wp-content/uploads/2017/03/img4.gif</guid>
		<description></description>
		<content:encoded><![CDATA[]]></content:encoded>
		<excerpt:encoded><![CDATA[]]></excerpt:encoded>
		<wp:post_id>5903</wp:post_id>
		<wp:post_date><![CDATA[2017-03-02 07:06:57]]></wp:post_date>
		<wp:post_date_gmt><![CDATA[2017-03-02 07:06:57]]></wp:post_date_gmt>
		<wp:comment_status><![CDATA[open]]></wp:comment_status>
		<wp:ping_status><![CDATA[closed]]></wp:ping_status>
		<wp:post_name><![CDATA[img4]]></wp:post_name>
		<wp:status><![CDATA[inherit]]></wp:status>
		<wp:post_parent>5</wp:post_parent>
		<wp:menu_order>0</wp:menu_order>
		<wp:post_type><![CDATA[attachment]]></wp:post_type>
		<wp:post_password><![CDATA[]]></wp:post_password>
		<wp:is_sticky>0</wp:is_sticky>
		<wp:attachment_url><![CDATA[http://shinetheme.com/demosd/traveler/activity/wp-content/uploads/2017/03/img4.gif]]></wp:attachment_url>
		<wp:postmeta>
			<wp:meta_key><![CDATA[_wp_attached_file]]></wp:meta_key>
			<wp:meta_value><![CDATA[2017/03/img4.gif]]></wp:meta_value>
		</wp:postmeta>
		<wp:postmeta>
			<wp:meta_key><![CDATA[_wp_attachment_metadata]]></wp:meta_key>
			<wp:meta_value><![CDATA[a:5:{s:5:"width";i:600;s:6:"height";i:450;s:4:"file";s:16:"2017/03/img4.gif";s:5:"sizes";a:9:{s:9:"thumbnail";a:4:{s:4:"file";s:16:"img4-150x150.gif";s:5:"width";i:150;s:6:"height";i:150;s:9:"mime-type";s:9:"image/gif";}s:6:"medium";a:4:{s:4:"file";s:16:"img4-300x300.gif";s:5:"width";i:300;s:6:"height";i:300;s:9:"mime-type";s:9:"image/gif";}s:12:"medium_large";a:4:{s:4:"file";s:16:"img4-768x576.gif";s:5:"width";i:768;s:6:"height";i:576;s:9:"mime-type";s:9:"image/gif";}s:5:"large";a:4:{s:4:"file";s:18:"img4-1024x1024.gif";s:5:"width";i:1024;s:6:"height";i:1024;s:9:"mime-type";s:9:"image/gif";}s:14:"shop_thumbnail";a:4:{s:4:"file";s:16:"img4-180x180.gif";s:5:"width";i:180;s:6:"height";i:180;s:9:"mime-type";s:9:"image/gif";}s:12:"shop_catalog";a:4:{s:4:"file";s:16:"img4-300x300.gif";s:5:"width";i:300;s:6:"height";i:300;s:9:"mime-type";s:9:"image/gif";}s:11:"shop_single";a:4:{s:4:"file";s:16:"img4-600x600.gif";s:5:"width";i:600;s:6:"height";i:600;s:9:"mime-type";s:9:"image/gif";}s:7:"266x266";a:4:{s:4:"file";s:16:"img4-266x266.gif";s:5:"width";i:266;s:6:"height";i:266;s:9:"mime-type";s:9:"image/gif";}s:7:"800x600";a:4:{s:4:"file";s:16:"img4-800x600.gif";s:5:"width";i:800;s:6:"height";i:600;s:9:"mime-type";s:9:"image/gif";}}s:10:"image_meta";a:12:{s:8:"aperture";s:1:"0";s:6:"credit";s:0:"";s:6:"camera";s:0:"";s:7:"caption";s:0:"";s:17:"created_timestamp";s:1:"0";s:9:"copyright";s:0:"";s:12:"focal_length";s:1:"0";s:3:"iso";s:1:"0";s:13:"shutter_speed";s:1:"0";s:5:"title";s:0:"";s:11:"orientation";s:1:"0";s:8:"keywords";a:0:{}}}]]></wp:meta_value>
		</wp:postmeta>
	</item>
	<item>
		<title>img5</title>
		<link>http://shinetheme.com/demosd/traveler/activity/?attachment_id=5904</link>
		<pubDate>Thu, 02 Mar 2017 07:06:59 +0000</pubDate>
		<dc:creator><![CDATA[admin]]></dc:creator>
		<guid isPermaLink="false">http://shinetheme.com/demosd/traveler/activity/wp-content/uploads/2017/03/img5.gif</guid>
		<description></description>
		<content:encoded><![CDATA[]]></content:encoded>
		<excerpt:encoded><![CDATA[]]></excerpt:encoded>
		<wp:post_id>5904</wp:post_id>
		<wp:post_date><![CDATA[2017-03-02 07:06:59]]></wp:post_date>
		<wp:post_date_gmt><![CDATA[2017-03-02 07:06:59]]></wp:post_date_gmt>
		<wp:comment_status><![CDATA[open]]></wp:comment_status>
		<wp:ping_status><![CDATA[closed]]></wp:ping_status>
		<wp:post_name><![CDATA[img5]]></wp:post_name>
		<wp:status><![CDATA[inherit]]></wp:status>
		<wp:post_parent>5</wp:post_parent>
		<wp:menu_order>0</wp:menu_order>
		<wp:post_type><![CDATA[attachment]]></wp:post_type>
		<wp:post_password><![CDATA[]]></wp:post_password>
		<wp:is_sticky>0</wp:is_sticky>
		<wp:attachment_url><![CDATA[http://shinetheme.com/demosd/traveler/activity/wp-content/uploads/2017/03/img5.gif]]></wp:attachment_url>
		<wp:postmeta>
			<wp:meta_key><![CDATA[_wp_attached_file]]></wp:meta_key>
			<wp:meta_value><![CDATA[2017/03/img5.gif]]></wp:meta_value>
		</wp:postmeta>
		<wp:postmeta>
			<wp:meta_key><![CDATA[_wp_attachment_metadata]]></wp:meta_key>
			<wp:meta_value><![CDATA[a:5:{s:5:"width";i:550;s:6:"height";i:630;s:4:"file";s:16:"2017/03/img5.gif";s:5:"sizes";a:10:{s:9:"thumbnail";a:4:{s:4:"file";s:16:"img5-150x150.gif";s:5:"width";i:150;s:6:"height";i:150;s:9:"mime-type";s:9:"image/gif";}s:6:"medium";a:4:{s:4:"file";s:16:"img5-300x300.gif";s:5:"width";i:300;s:6:"height";i:300;s:9:"mime-type";s:9:"image/gif";}s:12:"medium_large";a:4:{s:4:"file";s:16:"img5-768x879.gif";s:5:"width";i:768;s:6:"height";i:879;s:9:"mime-type";s:9:"image/gif";}s:5:"large";a:4:{s:4:"file";s:18:"img5-1024x1024.gif";s:5:"width";i:1024;s:6:"height";i:1024;s:9:"mime-type";s:9:"image/gif";}s:14:"shop_thumbnail";a:4:{s:4:"file";s:16:"img5-180x180.gif";s:5:"width";i:180;s:6:"height";i:180;s:9:"mime-type";s:9:"image/gif";}s:12:"shop_catalog";a:4:{s:4:"file";s:16:"img5-300x300.gif";s:5:"width";i:300;s:6:"height";i:300;s:9:"mime-type";s:9:"image/gif";}s:11:"shop_single";a:4:{s:4:"file";s:16:"img5-600x600.gif";s:5:"width";i:600;s:6:"height";i:600;s:9:"mime-type";s:9:"image/gif";}s:7:"266x266";a:4:{s:4:"file";s:16:"img5-266x266.gif";s:5:"width";i:266;s:6:"height";i:266;s:9:"mime-type";s:9:"image/gif";}s:7:"800x600";a:4:{s:4:"file";s:16:"img5-800x600.gif";s:5:"width";i:800;s:6:"height";i:600;s:9:"mime-type";s:9:"image/gif";}s:5:"70x70";a:4:{s:4:"file";s:14:"img5-70x70.gif";s:5:"width";i:70;s:6:"height";i:70;s:9:"mime-type";s:9:"image/gif";}}s:10:"image_meta";a:12:{s:8:"aperture";s:1:"0";s:6:"credit";s:0:"";s:6:"camera";s:0:"";s:7:"caption";s:0:"";s:17:"created_timestamp";s:1:"0";s:9:"copyright";s:0:"";s:12:"focal_length";s:1:"0";s:3:"iso";s:1:"0";s:13:"shutter_speed";s:1:"0";s:5:"title";s:0:"";s:11:"orientation";s:1:"0";s:8:"keywords";a:0:{}}}]]></wp:meta_value>
		</wp:postmeta>
	</item>
	<item>
		<title>img8</title>
		<link>http://shinetheme.com/demosd/traveler/activity/?attachment_id=5905</link>
		<pubDate>Thu, 02 Mar 2017 07:07:02 +0000</pubDate>
		<dc:creator><![CDATA[admin]]></dc:creator>
		<guid isPermaLink="false">http://shinetheme.com/demosd/traveler/activity/wp-content/uploads/2017/03/img8.gif</guid>
		<description></description>
		<content:encoded><![CDATA[]]></content:encoded>
		<excerpt:encoded><![CDATA[]]></excerpt:encoded>
		<wp:post_id>5905</wp:post_id>
		<wp:post_date><![CDATA[2017-03-02 07:07:02]]></wp:post_date>
		<wp:post_date_gmt><![CDATA[2017-03-02 07:07:02]]></wp:post_date_gmt>
		<wp:comment_status><![CDATA[open]]></wp:comment_status>
		<wp:ping_status><![CDATA[closed]]></wp:ping_status>
		<wp:post_name><![CDATA[img8]]></wp:post_name>
		<wp:status><![CDATA[inherit]]></wp:status>
		<wp:post_parent>5</wp:post_parent>
		<wp:menu_order>0</wp:menu_order>
		<wp:post_type><![CDATA[attachment]]></wp:post_type>
		<wp:post_password><![CDATA[]]></wp:post_password>
		<wp:is_sticky>0</wp:is_sticky>
		<wp:attachment_url><![CDATA[http://shinetheme.com/demosd/traveler/activity/wp-content/uploads/2017/03/img8.gif]]></wp:attachment_url>
		<wp:postmeta>
			<wp:meta_key><![CDATA[_wp_attached_file]]></wp:meta_key>
			<wp:meta_value><![CDATA[2017/03/img8.gif]]></wp:meta_value>
		</wp:postmeta>
		<wp:postmeta>
			<wp:meta_key><![CDATA[_wp_attachment_metadata]]></wp:meta_key>
			<wp:meta_value><![CDATA[a:5:{s:5:"width";i:550;s:6:"height";i:630;s:4:"file";s:16:"2017/03/img8.gif";s:5:"sizes";a:7:{s:9:"thumbnail";a:4:{s:4:"file";s:16:"img8-150x150.gif";s:5:"width";i:150;s:6:"height";i:150;s:9:"mime-type";s:9:"image/gif";}s:6:"medium";a:4:{s:4:"file";s:16:"img8-300x300.gif";s:5:"width";i:300;s:6:"height";i:300;s:9:"mime-type";s:9:"image/gif";}s:12:"medium_large";a:4:{s:4:"file";s:16:"img8-768x879.gif";s:5:"width";i:768;s:6:"height";i:879;s:9:"mime-type";s:9:"image/gif";}s:5:"large";a:4:{s:4:"file";s:18:"img8-1024x1024.gif";s:5:"width";i:1024;s:6:"height";i:1024;s:9:"mime-type";s:9:"image/gif";}s:14:"shop_thumbnail";a:4:{s:4:"file";s:16:"img8-180x180.gif";s:5:"width";i:180;s:6:"height";i:180;s:9:"mime-type";s:9:"image/gif";}s:12:"shop_catalog";a:4:{s:4:"file";s:16:"img8-300x300.gif";s:5:"width";i:300;s:6:"height";i:300;s:9:"mime-type";s:9:"image/gif";}s:11:"shop_single";a:4:{s:4:"file";s:16:"img8-600x600.gif";s:5:"width";i:600;s:6:"height";i:600;s:9:"mime-type";s:9:"image/gif";}}s:10:"image_meta";a:12:{s:8:"aperture";s:1:"0";s:6:"credit";s:0:"";s:6:"camera";s:0:"";s:7:"caption";s:0:"";s:17:"created_timestamp";s:1:"0";s:9:"copyright";s:0:"";s:12:"focal_length";s:1:"0";s:3:"iso";s:1:"0";s:13:"shutter_speed";s:1:"0";s:5:"title";s:0:"";s:11:"orientation";s:1:"0";s:8:"keywords";a:0:{}}}]]></wp:meta_value>
		</wp:postmeta>
	</item>
	<item>
		<title>img9</title>
		<link>http://shinetheme.com/demosd/traveler/activity/?attachment_id=5906</link>
		<pubDate>Thu, 02 Mar 2017 07:07:05 +0000</pubDate>
		<dc:creator><![CDATA[admin]]></dc:creator>
		<guid isPermaLink="false">http://shinetheme.com/demosd/traveler/activity/wp-content/uploads/2017/03/img9.gif</guid>
		<description></description>
		<content:encoded><![CDATA[]]></content:encoded>
		<excerpt:encoded><![CDATA[]]></excerpt:encoded>
		<wp:post_id>5906</wp:post_id>
		<wp:post_date><![CDATA[2017-03-02 07:07:05]]></wp:post_date>
		<wp:post_date_gmt><![CDATA[2017-03-02 07:07:05]]></wp:post_date_gmt>
		<wp:comment_status><![CDATA[open]]></wp:comment_status>
		<wp:ping_status><![CDATA[closed]]></wp:ping_status>
		<wp:post_name><![CDATA[img9]]></wp:post_name>
		<wp:status><![CDATA[inherit]]></wp:status>
		<wp:post_parent>5</wp:post_parent>
		<wp:menu_order>0</wp:menu_order>
		<wp:post_type><![CDATA[attachment]]></wp:post_type>
		<wp:post_password><![CDATA[]]></wp:post_password>
		<wp:is_sticky>0</wp:is_sticky>
		<wp:attachment_url><![CDATA[http://shinetheme.com/demosd/traveler/activity/wp-content/uploads/2017/03/img9.gif]]></wp:attachment_url>
		<wp:postmeta>
			<wp:meta_key><![CDATA[_wp_attached_file]]></wp:meta_key>
			<wp:meta_value><![CDATA[2017/03/img9.gif]]></wp:meta_value>
		</wp:postmeta>
		<wp:postmeta>
			<wp:meta_key><![CDATA[_wp_attachment_metadata]]></wp:meta_key>
			<wp:meta_value><![CDATA[a:5:{s:5:"width";i:550;s:6:"height";i:630;s:4:"file";s:16:"2017/03/img9.gif";s:5:"sizes";a:10:{s:9:"thumbnail";a:4:{s:4:"file";s:16:"img9-150x150.gif";s:5:"width";i:150;s:6:"height";i:150;s:9:"mime-type";s:9:"image/gif";}s:6:"medium";a:4:{s:4:"file";s:16:"img9-300x300.gif";s:5:"width";i:300;s:6:"height";i:300;s:9:"mime-type";s:9:"image/gif";}s:12:"medium_large";a:4:{s:4:"file";s:16:"img9-768x879.gif";s:5:"width";i:768;s:6:"height";i:879;s:9:"mime-type";s:9:"image/gif";}s:5:"large";a:4:{s:4:"file";s:18:"img9-1024x1024.gif";s:5:"width";i:1024;s:6:"height";i:1024;s:9:"mime-type";s:9:"image/gif";}s:14:"shop_thumbnail";a:4:{s:4:"file";s:16:"img9-180x180.gif";s:5:"width";i:180;s:6:"height";i:180;s:9:"mime-type";s:9:"image/gif";}s:12:"shop_catalog";a:4:{s:4:"file";s:16:"img9-300x300.gif";s:5:"width";i:300;s:6:"height";i:300;s:9:"mime-type";s:9:"image/gif";}s:11:"shop_single";a:4:{s:4:"file";s:16:"img9-600x600.gif";s:5:"width";i:600;s:6:"height";i:600;s:9:"mime-type";s:9:"image/gif";}s:7:"266x266";a:4:{s:4:"file";s:16:"img9-266x266.gif";s:5:"width";i:266;s:6:"height";i:266;s:9:"mime-type";s:9:"image/gif";}s:7:"800x600";a:4:{s:4:"file";s:16:"img9-800x600.gif";s:5:"width";i:800;s:6:"height";i:600;s:9:"mime-type";s:9:"image/gif";}s:5:"70x70";a:4:{s:4:"file";s:14:"img9-70x70.gif";s:5:"width";i:70;s:6:"height";i:70;s:9:"mime-type";s:9:"image/gif";}}s:10:"image_meta";a:12:{s:8:"aperture";s:1:"0";s:6:"credit";s:0:"";s:6:"camera";s:0:"";s:7:"caption";s:0:"";s:17:"created_timestamp";s:1:"0";s:9:"copyright";s:0:"";s:12:"focal_length";s:1:"0";s:3:"iso";s:1:"0";s:13:"shutter_speed";s:1:"0";s:5:"title";s:0:"";s:11:"orientation";s:1:"0";s:8:"keywords";a:0:{}}}]]></wp:meta_value>
		</wp:postmeta>
	</item>
	<item>
		<title>img10</title>
		<link>http://shinetheme.com/demosd/traveler/activity/?attachment_id=5907</link>
		<pubDate>Thu, 02 Mar 2017 07:07:07 +0000</pubDate>
		<dc:creator><![CDATA[admin]]></dc:creator>
		<guid isPermaLink="false">http://shinetheme.com/demosd/traveler/activity/wp-content/uploads/2017/03/img10.gif</guid>
		<description></description>
		<content:encoded><![CDATA[]]></content:encoded>
		<excerpt:encoded><![CDATA[]]></excerpt:encoded>
		<wp:post_id>5907</wp:post_id>
		<wp:post_date><![CDATA[2017-03-02 07:07:07]]></wp:post_date>
		<wp:post_date_gmt><![CDATA[2017-03-02 07:07:07]]></wp:post_date_gmt>
		<wp:comment_status><![CDATA[open]]></wp:comment_status>
		<wp:ping_status><![CDATA[closed]]></wp:ping_status>
		<wp:post_name><![CDATA[img10]]></wp:post_name>
		<wp:status><![CDATA[inherit]]></wp:status>
		<wp:post_parent>5</wp:post_parent>
		<wp:menu_order>0</wp:menu_order>
		<wp:post_type><![CDATA[attachment]]></wp:post_type>
		<wp:post_password><![CDATA[]]></wp:post_password>
		<wp:is_sticky>0</wp:is_sticky>
		<wp:attachment_url><![CDATA[http://shinetheme.com/demosd/traveler/activity/wp-content/uploads/2017/03/img10.gif]]></wp:attachment_url>
		<wp:postmeta>
			<wp:meta_key><![CDATA[_wp_attached_file]]></wp:meta_key>
			<wp:meta_value><![CDATA[2017/03/img10.gif]]></wp:meta_value>
		</wp:postmeta>
		<wp:postmeta>
			<wp:meta_key><![CDATA[_wp_attachment_metadata]]></wp:meta_key>
			<wp:meta_value><![CDATA[a:5:{s:5:"width";i:550;s:6:"height";i:630;s:4:"file";s:17:"2017/03/img10.gif";s:5:"sizes";a:10:{s:9:"thumbnail";a:4:{s:4:"file";s:17:"img10-150x150.gif";s:5:"width";i:150;s:6:"height";i:150;s:9:"mime-type";s:9:"image/gif";}s:6:"medium";a:4:{s:4:"file";s:17:"img10-300x300.gif";s:5:"width";i:300;s:6:"height";i:300;s:9:"mime-type";s:9:"image/gif";}s:12:"medium_large";a:4:{s:4:"file";s:17:"img10-768x879.gif";s:5:"width";i:768;s:6:"height";i:879;s:9:"mime-type";s:9:"image/gif";}s:5:"large";a:4:{s:4:"file";s:19:"img10-1024x1024.gif";s:5:"width";i:1024;s:6:"height";i:1024;s:9:"mime-type";s:9:"image/gif";}s:14:"shop_thumbnail";a:4:{s:4:"file";s:17:"img10-180x180.gif";s:5:"width";i:180;s:6:"height";i:180;s:9:"mime-type";s:9:"image/gif";}s:12:"shop_catalog";a:4:{s:4:"file";s:17:"img10-300x300.gif";s:5:"width";i:300;s:6:"height";i:300;s:9:"mime-type";s:9:"image/gif";}s:11:"shop_single";a:4:{s:4:"file";s:17:"img10-600x600.gif";s:5:"width";i:600;s:6:"height";i:600;s:9:"mime-type";s:9:"image/gif";}s:7:"266x266";a:4:{s:4:"file";s:17:"img10-266x266.gif";s:5:"width";i:266;s:6:"height";i:266;s:9:"mime-type";s:9:"image/gif";}s:5:"70x70";a:4:{s:4:"file";s:15:"img10-70x70.gif";s:5:"width";i:70;s:6:"height";i:70;s:9:"mime-type";s:9:"image/gif";}s:7:"800x600";a:4:{s:4:"file";s:17:"img10-800x600.gif";s:5:"width";i:800;s:6:"height";i:600;s:9:"mime-type";s:9:"image/gif";}}s:10:"image_meta";a:12:{s:8:"aperture";s:1:"0";s:6:"credit";s:0:"";s:6:"camera";s:0:"";s:7:"caption";s:0:"";s:17:"created_timestamp";s:1:"0";s:9:"copyright";s:0:"";s:12:"focal_length";s:1:"0";s:3:"iso";s:1:"0";s:13:"shutter_speed";s:1:"0";s:5:"title";s:0:"";s:11:"orientation";s:1:"0";s:8:"keywords";a:0:{}}}]]></wp:meta_value>
		</wp:postmeta>
	</item>
	<item>
		<title>img11</title>
		<link>http://shinetheme.com/demosd/traveler/activity/?attachment_id=5908</link>
		<pubDate>Thu, 02 Mar 2017 07:07:09 +0000</pubDate>
		<dc:creator><![CDATA[admin]]></dc:creator>
		<guid isPermaLink="false">http://shinetheme.com/demosd/traveler/activity/wp-content/uploads/2017/03/img11.gif</guid>
		<description></description>
		<content:encoded><![CDATA[]]></content:encoded>
		<excerpt:encoded><![CDATA[]]></excerpt:encoded>
		<wp:post_id>5908</wp:post_id>
		<wp:post_date><![CDATA[2017-03-02 07:07:09]]></wp:post_date>
		<wp:post_date_gmt><![CDATA[2017-03-02 07:07:09]]></wp:post_date_gmt>
		<wp:comment_status><![CDATA[open]]></wp:comment_status>
		<wp:ping_status><![CDATA[closed]]></wp:ping_status>
		<wp:post_name><![CDATA[img11]]></wp:post_name>
		<wp:status><![CDATA[inherit]]></wp:status>
		<wp:post_parent>5</wp:post_parent>
		<wp:menu_order>0</wp:menu_order>
		<wp:post_type><![CDATA[attachment]]></wp:post_type>
		<wp:post_password><![CDATA[]]></wp:post_password>
		<wp:is_sticky>0</wp:is_sticky>
		<wp:attachment_url><![CDATA[http://shinetheme.com/demosd/traveler/activity/wp-content/uploads/2017/03/img11.gif]]></wp:attachment_url>
		<wp:postmeta>
			<wp:meta_key><![CDATA[_wp_attached_file]]></wp:meta_key>
			<wp:meta_value><![CDATA[2017/03/img11.gif]]></wp:meta_value>
		</wp:postmeta>
		<wp:postmeta>
			<wp:meta_key><![CDATA[_wp_attachment_metadata]]></wp:meta_key>
			<wp:meta_value><![CDATA[a:5:{s:5:"width";i:550;s:6:"height";i:630;s:4:"file";s:17:"2017/03/img11.gif";s:5:"sizes";a:9:{s:9:"thumbnail";a:4:{s:4:"file";s:17:"img11-150x150.gif";s:5:"width";i:150;s:6:"height";i:150;s:9:"mime-type";s:9:"image/gif";}s:6:"medium";a:4:{s:4:"file";s:17:"img11-300x300.gif";s:5:"width";i:300;s:6:"height";i:300;s:9:"mime-type";s:9:"image/gif";}s:12:"medium_large";a:4:{s:4:"file";s:17:"img11-768x879.gif";s:5:"width";i:768;s:6:"height";i:879;s:9:"mime-type";s:9:"image/gif";}s:5:"large";a:4:{s:4:"file";s:19:"img11-1024x1024.gif";s:5:"width";i:1024;s:6:"height";i:1024;s:9:"mime-type";s:9:"image/gif";}s:14:"shop_thumbnail";a:4:{s:4:"file";s:17:"img11-180x180.gif";s:5:"width";i:180;s:6:"height";i:180;s:9:"mime-type";s:9:"image/gif";}s:12:"shop_catalog";a:4:{s:4:"file";s:17:"img11-300x300.gif";s:5:"width";i:300;s:6:"height";i:300;s:9:"mime-type";s:9:"image/gif";}s:11:"shop_single";a:4:{s:4:"file";s:17:"img11-600x600.gif";s:5:"width";i:600;s:6:"height";i:600;s:9:"mime-type";s:9:"image/gif";}s:7:"266x266";a:4:{s:4:"file";s:17:"img11-266x266.gif";s:5:"width";i:266;s:6:"height";i:266;s:9:"mime-type";s:9:"image/gif";}s:7:"800x600";a:4:{s:4:"file";s:17:"img11-800x600.gif";s:5:"width";i:800;s:6:"height";i:600;s:9:"mime-type";s:9:"image/gif";}}s:10:"image_meta";a:12:{s:8:"aperture";s:1:"0";s:6:"credit";s:0:"";s:6:"camera";s:0:"";s:7:"caption";s:0:"";s:17:"created_timestamp";s:1:"0";s:9:"copyright";s:0:"";s:12:"focal_length";s:1:"0";s:3:"iso";s:1:"0";s:13:"shutter_speed";s:1:"0";s:5:"title";s:0:"";s:11:"orientation";s:1:"0";s:8:"keywords";a:0:{}}}]]></wp:meta_value>
		</wp:postmeta>
	</item>
	<item>
		<title>img14</title>
		<link>http://shinetheme.com/demosd/traveler/activity/?attachment_id=5909</link>
		<pubDate>Thu, 02 Mar 2017 07:07:11 +0000</pubDate>
		<dc:creator><![CDATA[admin]]></dc:creator>
		<guid isPermaLink="false">http://shinetheme.com/demosd/traveler/activity/wp-content/uploads/2017/03/img14.png</guid>
		<description></description>
		<content:encoded><![CDATA[]]></content:encoded>
		<excerpt:encoded><![CDATA[]]></excerpt:encoded>
		<wp:post_id>5909</wp:post_id>
		<wp:post_date><![CDATA[2017-03-02 07:07:11]]></wp:post_date>
		<wp:post_date_gmt><![CDATA[2017-03-02 07:07:11]]></wp:post_date_gmt>
		<wp:comment_status><![CDATA[open]]></wp:comment_status>
		<wp:ping_status><![CDATA[closed]]></wp:ping_status>
		<wp:post_name><![CDATA[img14]]></wp:post_name>
		<wp:status><![CDATA[inherit]]></wp:status>
		<wp:post_parent>5</wp:post_parent>
		<wp:menu_order>0</wp:menu_order>
		<wp:post_type><![CDATA[attachment]]></wp:post_type>
		<wp:post_password><![CDATA[]]></wp:post_password>
		<wp:is_sticky>0</wp:is_sticky>
		<wp:attachment_url><![CDATA[http://shinetheme.com/demosd/traveler/activity/wp-content/uploads/2017/03/img14.png]]></wp:attachment_url>
		<wp:postmeta>
			<wp:meta_key><![CDATA[_wp_attached_file]]></wp:meta_key>
			<wp:meta_value><![CDATA[2017/03/img14.png]]></wp:meta_value>
		</wp:postmeta>
		<wp:postmeta>
			<wp:meta_key><![CDATA[_wp_attachment_metadata]]></wp:meta_key>
			<wp:meta_value><![CDATA[a:5:{s:5:"width";i:1415;s:6:"height";i:841;s:4:"file";s:17:"2017/03/img14.png";s:5:"sizes";a:8:{s:9:"thumbnail";a:4:{s:4:"file";s:17:"img14-150x150.png";s:5:"width";i:150;s:6:"height";i:150;s:9:"mime-type";s:9:"image/png";}s:6:"medium";a:4:{s:4:"file";s:17:"img14-300x300.png";s:5:"width";i:300;s:6:"height";i:300;s:9:"mime-type";s:9:"image/png";}s:12:"medium_large";a:4:{s:4:"file";s:17:"img14-768x456.png";s:5:"width";i:768;s:6:"height";i:456;s:9:"mime-type";s:9:"image/png";}s:5:"large";a:4:{s:4:"file";s:19:"img14-1024x1024.png";s:5:"width";i:1024;s:6:"height";i:1024;s:9:"mime-type";s:9:"image/png";}s:14:"shop_thumbnail";a:4:{s:4:"file";s:17:"img14-180x180.png";s:5:"width";i:180;s:6:"height";i:180;s:9:"mime-type";s:9:"image/png";}s:12:"shop_catalog";a:4:{s:4:"file";s:17:"img14-300x300.png";s:5:"width";i:300;s:6:"height";i:300;s:9:"mime-type";s:9:"image/png";}s:11:"shop_single";a:4:{s:4:"file";s:17:"img14-600x600.png";s:5:"width";i:600;s:6:"height";i:600;s:9:"mime-type";s:9:"image/png";}s:7:"800x600";a:4:{s:4:"file";s:17:"img14-800x600.png";s:5:"width";i:800;s:6:"height";i:600;s:9:"mime-type";s:9:"image/png";}}s:10:"image_meta";a:12:{s:8:"aperture";s:1:"0";s:6:"credit";s:0:"";s:6:"camera";s:0:"";s:7:"caption";s:0:"";s:17:"created_timestamp";s:1:"0";s:9:"copyright";s:0:"";s:12:"focal_length";s:1:"0";s:3:"iso";s:1:"0";s:13:"shutter_speed";s:1:"0";s:5:"title";s:0:"";s:11:"orientation";s:1:"0";s:8:"keywords";a:0:{}}}]]></wp:meta_value>
		</wp:postmeta>
	</item>
	<item>
		<title>img15</title>
		<link>http://shinetheme.com/demosd/traveler/activity/?attachment_id=5910</link>
		<pubDate>Thu, 02 Mar 2017 07:07:14 +0000</pubDate>
		<dc:creator><![CDATA[admin]]></dc:creator>
		<guid isPermaLink="false">http://shinetheme.com/demosd/traveler/activity/wp-content/uploads/2017/03/img15.png</guid>
		<description></description>
		<content:encoded><![CDATA[]]></content:encoded>
		<excerpt:encoded><![CDATA[]]></excerpt:encoded>
		<wp:post_id>5910</wp:post_id>
		<wp:post_date><![CDATA[2017-03-02 07:07:14]]></wp:post_date>
		<wp:post_date_gmt><![CDATA[2017-03-02 07:07:14]]></wp:post_date_gmt>
		<wp:comment_status><![CDATA[open]]></wp:comment_status>
		<wp:ping_status><![CDATA[closed]]></wp:ping_status>
		<wp:post_name><![CDATA[img15]]></wp:post_name>
		<wp:status><![CDATA[inherit]]></wp:status>
		<wp:post_parent>5</wp:post_parent>
		<wp:menu_order>0</wp:menu_order>
		<wp:post_type><![CDATA[attachment]]></wp:post_type>
		<wp:post_password><![CDATA[]]></wp:post_password>
		<wp:is_sticky>0</wp:is_sticky>
		<wp:attachment_url><![CDATA[http://shinetheme.com/demosd/traveler/activity/wp-content/uploads/2017/03/img15.png]]></wp:attachment_url>
		<wp:postmeta>
			<wp:meta_key><![CDATA[_wp_attached_file]]></wp:meta_key>
			<wp:meta_value><![CDATA[2017/03/img15.png]]></wp:meta_value>
		</wp:postmeta>
		<wp:postmeta>
			<wp:meta_key><![CDATA[_wp_attachment_metadata]]></wp:meta_key>
			<wp:meta_value><![CDATA[a:5:{s:5:"width";i:1415;s:6:"height";i:841;s:4:"file";s:17:"2017/03/img15.png";s:5:"sizes";a:9:{s:9:"thumbnail";a:4:{s:4:"file";s:17:"img15-150x150.png";s:5:"width";i:150;s:6:"height";i:150;s:9:"mime-type";s:9:"image/png";}s:6:"medium";a:4:{s:4:"file";s:17:"img15-300x300.png";s:5:"width";i:300;s:6:"height";i:300;s:9:"mime-type";s:9:"image/png";}s:12:"medium_large";a:4:{s:4:"file";s:17:"img15-768x456.png";s:5:"width";i:768;s:6:"height";i:456;s:9:"mime-type";s:9:"image/png";}s:5:"large";a:4:{s:4:"file";s:19:"img15-1024x1024.png";s:5:"width";i:1024;s:6:"height";i:1024;s:9:"mime-type";s:9:"image/png";}s:14:"shop_thumbnail";a:4:{s:4:"file";s:17:"img15-180x180.png";s:5:"width";i:180;s:6:"height";i:180;s:9:"mime-type";s:9:"image/png";}s:12:"shop_catalog";a:4:{s:4:"file";s:17:"img15-300x300.png";s:5:"width";i:300;s:6:"height";i:300;s:9:"mime-type";s:9:"image/png";}s:11:"shop_single";a:4:{s:4:"file";s:17:"img15-600x600.png";s:5:"width";i:600;s:6:"height";i:600;s:9:"mime-type";s:9:"image/png";}s:7:"800x600";a:4:{s:4:"file";s:17:"img15-800x600.png";s:5:"width";i:800;s:6:"height";i:600;s:9:"mime-type";s:9:"image/png";}s:7:"278x208";a:4:{s:4:"file";s:17:"img15-278x208.png";s:5:"width";i:278;s:6:"height";i:208;s:9:"mime-type";s:9:"image/png";}}s:10:"image_meta";a:12:{s:8:"aperture";s:1:"0";s:6:"credit";s:0:"";s:6:"camera";s:0:"";s:7:"caption";s:0:"";s:17:"created_timestamp";s:1:"0";s:9:"copyright";s:0:"";s:12:"focal_length";s:1:"0";s:3:"iso";s:1:"0";s:13:"shutter_speed";s:1:"0";s:5:"title";s:0:"";s:11:"orientation";s:1:"0";s:8:"keywords";a:0:{}}}]]></wp:meta_value>
		</wp:postmeta>
	</item>
	<item>
		<title>img16</title>
		<link>http://shinetheme.com/demosd/traveler/activity/?attachment_id=5911</link>
		<pubDate>Thu, 02 Mar 2017 07:07:17 +0000</pubDate>
		<dc:creator><![CDATA[admin]]></dc:creator>
		<guid isPermaLink="false">http://shinetheme.com/demosd/traveler/activity/wp-content/uploads/2017/03/img16.png</guid>
		<description></description>
		<content:encoded><![CDATA[]]></content:encoded>
		<excerpt:encoded><![CDATA[]]></excerpt:encoded>
		<wp:post_id>5911</wp:post_id>
		<wp:post_date><![CDATA[2017-03-02 07:07:17]]></wp:post_date>
		<wp:post_date_gmt><![CDATA[2017-03-02 07:07:17]]></wp:post_date_gmt>
		<wp:comment_status><![CDATA[open]]></wp:comment_status>
		<wp:ping_status><![CDATA[closed]]></wp:ping_status>
		<wp:post_name><![CDATA[img16]]></wp:post_name>
		<wp:status><![CDATA[inherit]]></wp:status>
		<wp:post_parent>5</wp:post_parent>
		<wp:menu_order>0</wp:menu_order>
		<wp:post_type><![CDATA[attachment]]></wp:post_type>
		<wp:post_password><![CDATA[]]></wp:post_password>
		<wp:is_sticky>0</wp:is_sticky>
		<wp:attachment_url><![CDATA[http://shinetheme.com/demosd/traveler/activity/wp-content/uploads/2017/03/img16.png]]></wp:attachment_url>
		<wp:postmeta>
			<wp:meta_key><![CDATA[_wp_attached_file]]></wp:meta_key>
			<wp:meta_value><![CDATA[2017/03/img16.png]]></wp:meta_value>
		</wp:postmeta>
		<wp:postmeta>
			<wp:meta_key><![CDATA[_wp_attachment_metadata]]></wp:meta_key>
			<wp:meta_value><![CDATA[a:5:{s:5:"width";i:901;s:6:"height";i:601;s:4:"file";s:17:"2017/03/img16.png";s:5:"sizes";a:13:{s:9:"thumbnail";a:4:{s:4:"file";s:17:"img16-150x150.png";s:5:"width";i:150;s:6:"height";i:150;s:9:"mime-type";s:9:"image/png";}s:6:"medium";a:4:{s:4:"file";s:17:"img16-300x300.png";s:5:"width";i:300;s:6:"height";i:300;s:9:"mime-type";s:9:"image/png";}s:12:"medium_large";a:4:{s:4:"file";s:17:"img16-768x512.png";s:5:"width";i:768;s:6:"height";i:512;s:9:"mime-type";s:9:"image/png";}s:5:"large";a:4:{s:4:"file";s:19:"img16-1024x1024.png";s:5:"width";i:1024;s:6:"height";i:1024;s:9:"mime-type";s:9:"image/png";}s:14:"shop_thumbnail";a:4:{s:4:"file";s:17:"img16-180x180.png";s:5:"width";i:180;s:6:"height";i:180;s:9:"mime-type";s:9:"image/png";}s:12:"shop_catalog";a:4:{s:4:"file";s:17:"img16-300x300.png";s:5:"width";i:300;s:6:"height";i:300;s:9:"mime-type";s:9:"image/png";}s:11:"shop_single";a:4:{s:4:"file";s:17:"img16-600x600.png";s:5:"width";i:600;s:6:"height";i:600;s:9:"mime-type";s:9:"image/png";}s:7:"266x266";a:4:{s:4:"file";s:17:"img16-266x266.png";s:5:"width";i:266;s:6:"height";i:266;s:9:"mime-type";s:9:"image/png";}s:7:"800x600";a:4:{s:4:"file";s:17:"img16-800x600.png";s:5:"width";i:800;s:6:"height";i:600;s:9:"mime-type";s:9:"image/png";}s:7:"263x197";a:4:{s:4:"file";s:17:"img16-263x197.png";s:5:"width";i:263;s:6:"height";i:197;s:9:"mime-type";s:9:"image/png";}s:7:"360x270";a:4:{s:4:"file";s:17:"img16-360x270.png";s:5:"width";i:360;s:6:"height";i:270;s:9:"mime-type";s:9:"image/png";}s:7:"800x400";a:4:{s:4:"file";s:17:"img16-800x400.png";s:5:"width";i:800;s:6:"height";i:400;s:9:"mime-type";s:9:"image/png";}s:7:"278x208";a:4:{s:4:"file";s:17:"img16-278x208.png";s:5:"width";i:278;s:6:"height";i:208;s:9:"mime-type";s:9:"image/png";}}s:10:"image_meta";a:12:{s:8:"aperture";s:1:"0";s:6:"credit";s:0:"";s:6:"camera";s:0:"";s:7:"caption";s:0:"";s:17:"created_timestamp";s:1:"0";s:9:"copyright";s:0:"";s:12:"focal_length";s:1:"0";s:3:"iso";s:1:"0";s:13:"shutter_speed";s:1:"0";s:5:"title";s:0:"";s:11:"orientation";s:1:"0";s:8:"keywords";a:0:{}}}]]></wp:meta_value>
		</wp:postmeta>
	</item>
	<item>
		<title>img17</title>
		<link>http://shinetheme.com/demosd/traveler/activity/?attachment_id=5912</link>
		<pubDate>Thu, 02 Mar 2017 07:07:19 +0000</pubDate>
		<dc:creator><![CDATA[admin]]></dc:creator>
		<guid isPermaLink="false">http://shinetheme.com/demosd/traveler/activity/wp-content/uploads/2017/03/img17.png</guid>
		<description></description>
		<content:encoded><![CDATA[]]></content:encoded>
		<excerpt:encoded><![CDATA[]]></excerpt:encoded>
		<wp:post_id>5912</wp:post_id>
		<wp:post_date><![CDATA[2017-03-02 07:07:19]]></wp:post_date>
		<wp:post_date_gmt><![CDATA[2017-03-02 07:07:19]]></wp:post_date_gmt>
		<wp:comment_status><![CDATA[open]]></wp:comment_status>
		<wp:ping_status><![CDATA[closed]]></wp:ping_status>
		<wp:post_name><![CDATA[img17]]></wp:post_name>
		<wp:status><![CDATA[inherit]]></wp:status>
		<wp:post_parent>5</wp:post_parent>
		<wp:menu_order>0</wp:menu_order>
		<wp:post_type><![CDATA[attachment]]></wp:post_type>
		<wp:post_password><![CDATA[]]></wp:post_password>
		<wp:is_sticky>0</wp:is_sticky>
		<wp:attachment_url><![CDATA[http://shinetheme.com/demosd/traveler/activity/wp-content/uploads/2017/03/img17.png]]></wp:attachment_url>
		<wp:postmeta>
			<wp:meta_key><![CDATA[_wp_attached_file]]></wp:meta_key>
			<wp:meta_value><![CDATA[2017/03/img17.png]]></wp:meta_value>
		</wp:postmeta>
		<wp:postmeta>
			<wp:meta_key><![CDATA[_wp_attachment_metadata]]></wp:meta_key>
			<wp:meta_value><![CDATA[a:5:{s:5:"width";i:901;s:6:"height";i:601;s:4:"file";s:17:"2017/03/img17.png";s:5:"sizes";a:12:{s:9:"thumbnail";a:4:{s:4:"file";s:17:"img17-150x150.png";s:5:"width";i:150;s:6:"height";i:150;s:9:"mime-type";s:9:"image/png";}s:6:"medium";a:4:{s:4:"file";s:17:"img17-300x300.png";s:5:"width";i:300;s:6:"height";i:300;s:9:"mime-type";s:9:"image/png";}s:12:"medium_large";a:4:{s:4:"file";s:17:"img17-768x512.png";s:5:"width";i:768;s:6:"height";i:512;s:9:"mime-type";s:9:"image/png";}s:5:"large";a:4:{s:4:"file";s:19:"img17-1024x1024.png";s:5:"width";i:1024;s:6:"height";i:1024;s:9:"mime-type";s:9:"image/png";}s:14:"shop_thumbnail";a:4:{s:4:"file";s:17:"img17-180x180.png";s:5:"width";i:180;s:6:"height";i:180;s:9:"mime-type";s:9:"image/png";}s:12:"shop_catalog";a:4:{s:4:"file";s:17:"img17-300x300.png";s:5:"width";i:300;s:6:"height";i:300;s:9:"mime-type";s:9:"image/png";}s:11:"shop_single";a:4:{s:4:"file";s:17:"img17-600x600.png";s:5:"width";i:600;s:6:"height";i:600;s:9:"mime-type";s:9:"image/png";}s:7:"266x266";a:4:{s:4:"file";s:17:"img17-266x266.png";s:5:"width";i:266;s:6:"height";i:266;s:9:"mime-type";s:9:"image/png";}s:7:"800x600";a:4:{s:4:"file";s:17:"img17-800x600.png";s:5:"width";i:800;s:6:"height";i:600;s:9:"mime-type";s:9:"image/png";}s:7:"278x208";a:4:{s:4:"file";s:17:"img17-278x208.png";s:5:"width";i:278;s:6:"height";i:208;s:9:"mime-type";s:9:"image/png";}s:7:"360x270";a:4:{s:4:"file";s:17:"img17-360x270.png";s:5:"width";i:360;s:6:"height";i:270;s:9:"mime-type";s:9:"image/png";}s:7:"800x400";a:4:{s:4:"file";s:17:"img17-800x400.png";s:5:"width";i:800;s:6:"height";i:400;s:9:"mime-type";s:9:"image/png";}}s:10:"image_meta";a:12:{s:8:"aperture";s:1:"0";s:6:"credit";s:0:"";s:6:"camera";s:0:"";s:7:"caption";s:0:"";s:17:"created_timestamp";s:1:"0";s:9:"copyright";s:0:"";s:12:"focal_length";s:1:"0";s:3:"iso";s:1:"0";s:13:"shutter_speed";s:1:"0";s:5:"title";s:0:"";s:11:"orientation";s:1:"0";s:8:"keywords";a:0:{}}}]]></wp:meta_value>
		</wp:postmeta>
	</item>
	<item>
		<title>img41</title>
		<link>http://shinetheme.com/demosd/traveler/activity/?attachment_id=5913</link>
		<pubDate>Thu, 02 Mar 2017 07:07:21 +0000</pubDate>
		<dc:creator><![CDATA[admin]]></dc:creator>
		<guid isPermaLink="false">http://shinetheme.com/demosd/traveler/activity/wp-content/uploads/2017/03/img41.gif</guid>
		<description></description>
		<content:encoded><![CDATA[]]></content:encoded>
		<excerpt:encoded><![CDATA[]]></excerpt:encoded>
		<wp:post_id>5913</wp:post_id>
		<wp:post_date><![CDATA[2017-03-02 07:07:21]]></wp:post_date>
		<wp:post_date_gmt><![CDATA[2017-03-02 07:07:21]]></wp:post_date_gmt>
		<wp:comment_status><![CDATA[open]]></wp:comment_status>
		<wp:ping_status><![CDATA[closed]]></wp:ping_status>
		<wp:post_name><![CDATA[img41]]></wp:post_name>
		<wp:status><![CDATA[inherit]]></wp:status>
		<wp:post_parent>5</wp:post_parent>
		<wp:menu_order>0</wp:menu_order>
		<wp:post_type><![CDATA[attachment]]></wp:post_type>
		<wp:post_password><![CDATA[]]></wp:post_password>
		<wp:is_sticky>0</wp:is_sticky>
		<wp:attachment_url><![CDATA[http://shinetheme.com/demosd/traveler/activity/wp-content/uploads/2017/03/img41.gif]]></wp:attachment_url>
		<wp:postmeta>
			<wp:meta_key><![CDATA[_wp_attached_file]]></wp:meta_key>
			<wp:meta_value><![CDATA[2017/03/img41.gif]]></wp:meta_value>
		</wp:postmeta>
		<wp:postmeta>
			<wp:meta_key><![CDATA[_wp_attachment_metadata]]></wp:meta_key>
			<wp:meta_value><![CDATA[a:5:{s:5:"width";i:800;s:6:"height";i:400;s:4:"file";s:17:"2017/03/img41.gif";s:5:"sizes";a:10:{s:9:"thumbnail";a:4:{s:4:"file";s:17:"img41-150x150.gif";s:5:"width";i:150;s:6:"height";i:150;s:9:"mime-type";s:9:"image/gif";}s:6:"medium";a:4:{s:4:"file";s:17:"img41-300x300.gif";s:5:"width";i:300;s:6:"height";i:300;s:9:"mime-type";s:9:"image/gif";}s:12:"medium_large";a:4:{s:4:"file";s:17:"img41-768x384.gif";s:5:"width";i:768;s:6:"height";i:384;s:9:"mime-type";s:9:"image/gif";}s:5:"large";a:4:{s:4:"file";s:19:"img41-1024x1024.gif";s:5:"width";i:1024;s:6:"height";i:1024;s:9:"mime-type";s:9:"image/gif";}s:14:"shop_thumbnail";a:4:{s:4:"file";s:17:"img41-180x180.gif";s:5:"width";i:180;s:6:"height";i:180;s:9:"mime-type";s:9:"image/gif";}s:12:"shop_catalog";a:4:{s:4:"file";s:17:"img41-300x300.gif";s:5:"width";i:300;s:6:"height";i:300;s:9:"mime-type";s:9:"image/gif";}s:11:"shop_single";a:4:{s:4:"file";s:17:"img41-600x600.gif";s:5:"width";i:600;s:6:"height";i:600;s:9:"mime-type";s:9:"image/gif";}s:7:"800x600";a:4:{s:4:"file";s:17:"img41-800x600.gif";s:5:"width";i:800;s:6:"height";i:600;s:9:"mime-type";s:9:"image/gif";}s:7:"278x208";a:4:{s:4:"file";s:17:"img41-278x208.gif";s:5:"width";i:278;s:6:"height";i:208;s:9:"mime-type";s:9:"image/gif";}s:7:"100x100";a:4:{s:4:"file";s:17:"img41-100x100.gif";s:5:"width";i:100;s:6:"height";i:100;s:9:"mime-type";s:9:"image/gif";}}s:10:"image_meta";a:12:{s:8:"aperture";s:1:"0";s:6:"credit";s:0:"";s:6:"camera";s:0:"";s:7:"caption";s:0:"";s:17:"created_timestamp";s:1:"0";s:9:"copyright";s:0:"";s:12:"focal_length";s:1:"0";s:3:"iso";s:1:"0";s:13:"shutter_speed";s:1:"0";s:5:"title";s:0:"";s:11:"orientation";s:1:"0";s:8:"keywords";a:0:{}}}]]></wp:meta_value>
		</wp:postmeta>
	</item>
	<item>
		<title>img42-800x600</title>
		<link>http://shinetheme.com/demosd/traveler/activity/?attachment_id=5914</link>
		<pubDate>Thu, 02 Mar 2017 07:07:23 +0000</pubDate>
		<dc:creator><![CDATA[admin]]></dc:creator>
		<guid isPermaLink="false">http://shinetheme.com/demosd/traveler/activity/wp-content/uploads/2017/03/img42-800x600.gif</guid>
		<description></description>
		<content:encoded><![CDATA[]]></content:encoded>
		<excerpt:encoded><![CDATA[]]></excerpt:encoded>
		<wp:post_id>5914</wp:post_id>
		<wp:post_date><![CDATA[2017-03-02 07:07:23]]></wp:post_date>
		<wp:post_date_gmt><![CDATA[2017-03-02 07:07:23]]></wp:post_date_gmt>
		<wp:comment_status><![CDATA[open]]></wp:comment_status>
		<wp:ping_status><![CDATA[closed]]></wp:ping_status>
		<wp:post_name><![CDATA[img42-800x600]]></wp:post_name>
		<wp:status><![CDATA[inherit]]></wp:status>
		<wp:post_parent>5</wp:post_parent>
		<wp:menu_order>0</wp:menu_order>
		<wp:post_type><![CDATA[attachment]]></wp:post_type>
		<wp:post_password><![CDATA[]]></wp:post_password>
		<wp:is_sticky>0</wp:is_sticky>
		<wp:attachment_url><![CDATA[http://shinetheme.com/demosd/traveler/activity/wp-content/uploads/2017/03/img42-800x600.gif]]></wp:attachment_url>
		<wp:postmeta>
			<wp:meta_key><![CDATA[_wp_attached_file]]></wp:meta_key>
			<wp:meta_value><![CDATA[2017/03/img42-800x600.gif]]></wp:meta_value>
		</wp:postmeta>
		<wp:postmeta>
			<wp:meta_key><![CDATA[_wp_attachment_metadata]]></wp:meta_key>
			<wp:meta_value><![CDATA[a:5:{s:5:"width";i:800;s:6:"height";i:600;s:4:"file";s:25:"2017/03/img42-800x600.gif";s:5:"sizes";a:10:{s:9:"thumbnail";a:4:{s:4:"file";s:25:"img42-800x600-150x150.gif";s:5:"width";i:150;s:6:"height";i:150;s:9:"mime-type";s:9:"image/gif";}s:6:"medium";a:4:{s:4:"file";s:25:"img42-800x600-300x300.gif";s:5:"width";i:300;s:6:"height";i:300;s:9:"mime-type";s:9:"image/gif";}s:12:"medium_large";a:4:{s:4:"file";s:25:"img42-800x600-768x576.gif";s:5:"width";i:768;s:6:"height";i:576;s:9:"mime-type";s:9:"image/gif";}s:5:"large";a:4:{s:4:"file";s:27:"img42-800x600-1024x1024.gif";s:5:"width";i:1024;s:6:"height";i:1024;s:9:"mime-type";s:9:"image/gif";}s:14:"shop_thumbnail";a:4:{s:4:"file";s:25:"img42-800x600-180x180.gif";s:5:"width";i:180;s:6:"height";i:180;s:9:"mime-type";s:9:"image/gif";}s:12:"shop_catalog";a:4:{s:4:"file";s:25:"img42-800x600-300x300.gif";s:5:"width";i:300;s:6:"height";i:300;s:9:"mime-type";s:9:"image/gif";}s:11:"shop_single";a:4:{s:4:"file";s:25:"img42-800x600-600x600.gif";s:5:"width";i:600;s:6:"height";i:600;s:9:"mime-type";s:9:"image/gif";}s:7:"800x600";a:4:{s:4:"file";s:25:"img42-800x600-800x600.gif";s:5:"width";i:800;s:6:"height";i:600;s:9:"mime-type";s:9:"image/gif";}s:7:"278x208";a:4:{s:4:"file";s:25:"img42-800x600-278x208.gif";s:5:"width";i:278;s:6:"height";i:208;s:9:"mime-type";s:9:"image/gif";}s:7:"100x100";a:4:{s:4:"file";s:25:"img42-800x600-100x100.gif";s:5:"width";i:100;s:6:"height";i:100;s:9:"mime-type";s:9:"image/gif";}}s:10:"image_meta";a:12:{s:8:"aperture";s:1:"0";s:6:"credit";s:0:"";s:6:"camera";s:0:"";s:7:"caption";s:0:"";s:17:"created_timestamp";s:1:"0";s:9:"copyright";s:0:"";s:12:"focal_length";s:1:"0";s:3:"iso";s:1:"0";s:13:"shutter_speed";s:1:"0";s:5:"title";s:0:"";s:11:"orientation";s:1:"0";s:8:"keywords";a:0:{}}}]]></wp:meta_value>
		</wp:postmeta>
	</item>
	<item>
		<title>img62</title>
		<link>http://shinetheme.com/demosd/traveler/activity/?attachment_id=5915</link>
		<pubDate>Thu, 02 Mar 2017 07:07:25 +0000</pubDate>
		<dc:creator><![CDATA[admin]]></dc:creator>
		<guid isPermaLink="false">http://shinetheme.com/demosd/traveler/activity/wp-content/uploads/2017/03/img62.gif</guid>
		<description></description>
		<content:encoded><![CDATA[]]></content:encoded>
		<excerpt:encoded><![CDATA[]]></excerpt:encoded>
		<wp:post_id>5915</wp:post_id>
		<wp:post_date><![CDATA[2017-03-02 07:07:25]]></wp:post_date>
		<wp:post_date_gmt><![CDATA[2017-03-02 07:07:25]]></wp:post_date_gmt>
		<wp:comment_status><![CDATA[open]]></wp:comment_status>
		<wp:ping_status><![CDATA[closed]]></wp:ping_status>
		<wp:post_name><![CDATA[img62]]></wp:post_name>
		<wp:status><![CDATA[inherit]]></wp:status>
		<wp:post_parent>5</wp:post_parent>
		<wp:menu_order>0</wp:menu_order>
		<wp:post_type><![CDATA[attachment]]></wp:post_type>
		<wp:post_password><![CDATA[]]></wp:post_password>
		<wp:is_sticky>0</wp:is_sticky>
		<wp:attachment_url><![CDATA[http://shinetheme.com/demosd/traveler/activity/wp-content/uploads/2017/03/img62.gif]]></wp:attachment_url>
		<wp:postmeta>
			<wp:meta_key><![CDATA[_wp_attached_file]]></wp:meta_key>
			<wp:meta_value><![CDATA[2017/03/img62.gif]]></wp:meta_value>
		</wp:postmeta>
		<wp:postmeta>
			<wp:meta_key><![CDATA[_wp_attachment_metadata]]></wp:meta_key>
			<wp:meta_value><![CDATA[a:5:{s:5:"width";i:800;s:6:"height";i:540;s:4:"file";s:17:"2017/03/img62.gif";s:5:"sizes";a:11:{s:9:"thumbnail";a:4:{s:4:"file";s:17:"img62-150x150.gif";s:5:"width";i:150;s:6:"height";i:150;s:9:"mime-type";s:9:"image/gif";}s:6:"medium";a:4:{s:4:"file";s:17:"img62-300x300.gif";s:5:"width";i:300;s:6:"height";i:300;s:9:"mime-type";s:9:"image/gif";}s:12:"medium_large";a:4:{s:4:"file";s:17:"img62-768x518.gif";s:5:"width";i:768;s:6:"height";i:518;s:9:"mime-type";s:9:"image/gif";}s:5:"large";a:4:{s:4:"file";s:19:"img62-1024x1024.gif";s:5:"width";i:1024;s:6:"height";i:1024;s:9:"mime-type";s:9:"image/gif";}s:14:"shop_thumbnail";a:4:{s:4:"file";s:17:"img62-180x180.gif";s:5:"width";i:180;s:6:"height";i:180;s:9:"mime-type";s:9:"image/gif";}s:12:"shop_catalog";a:4:{s:4:"file";s:17:"img62-300x300.gif";s:5:"width";i:300;s:6:"height";i:300;s:9:"mime-type";s:9:"image/gif";}s:11:"shop_single";a:4:{s:4:"file";s:17:"img62-600x600.gif";s:5:"width";i:600;s:6:"height";i:600;s:9:"mime-type";s:9:"image/gif";}s:7:"266x266";a:4:{s:4:"file";s:17:"img62-266x266.gif";s:5:"width";i:266;s:6:"height";i:266;s:9:"mime-type";s:9:"image/gif";}s:7:"800x600";a:4:{s:4:"file";s:17:"img62-800x600.gif";s:5:"width";i:800;s:6:"height";i:600;s:9:"mime-type";s:9:"image/gif";}s:7:"278x208";a:4:{s:4:"file";s:17:"img62-278x208.gif";s:5:"width";i:278;s:6:"height";i:208;s:9:"mime-type";s:9:"image/gif";}s:7:"100x100";a:4:{s:4:"file";s:17:"img62-100x100.gif";s:5:"width";i:100;s:6:"height";i:100;s:9:"mime-type";s:9:"image/gif";}}s:10:"image_meta";a:12:{s:8:"aperture";s:1:"0";s:6:"credit";s:0:"";s:6:"camera";s:0:"";s:7:"caption";s:0:"";s:17:"created_timestamp";s:1:"0";s:9:"copyright";s:0:"";s:12:"focal_length";s:1:"0";s:3:"iso";s:1:"0";s:13:"shutter_speed";s:1:"0";s:5:"title";s:0:"";s:11:"orientation";s:1:"0";s:8:"keywords";a:0:{}}}]]></wp:meta_value>
		</wp:postmeta>
	</item>
	<item>
		<title>img63</title>
		<link>http://shinetheme.com/demosd/traveler/activity/?attachment_id=5916</link>
		<pubDate>Thu, 02 Mar 2017 07:07:27 +0000</pubDate>
		<dc:creator><![CDATA[admin]]></dc:creator>
		<guid isPermaLink="false">http://shinetheme.com/demosd/traveler/activity/wp-content/uploads/2017/03/img63.gif</guid>
		<description></description>
		<content:encoded><![CDATA[]]></content:encoded>
		<excerpt:encoded><![CDATA[]]></excerpt:encoded>
		<wp:post_id>5916</wp:post_id>
		<wp:post_date><![CDATA[2017-03-02 07:07:27]]></wp:post_date>
		<wp:post_date_gmt><![CDATA[2017-03-02 07:07:27]]></wp:post_date_gmt>
		<wp:comment_status><![CDATA[open]]></wp:comment_status>
		<wp:ping_status><![CDATA[closed]]></wp:ping_status>
		<wp:post_name><![CDATA[img63]]></wp:post_name>
		<wp:status><![CDATA[inherit]]></wp:status>
		<wp:post_parent>5</wp:post_parent>
		<wp:menu_order>0</wp:menu_order>
		<wp:post_type><![CDATA[attachment]]></wp:post_type>
		<wp:post_password><![CDATA[]]></wp:post_password>
		<wp:is_sticky>0</wp:is_sticky>
		<wp:attachment_url><![CDATA[http://shinetheme.com/demosd/traveler/activity/wp-content/uploads/2017/03/img63.gif]]></wp:attachment_url>
		<wp:postmeta>
			<wp:meta_key><![CDATA[_wp_attached_file]]></wp:meta_key>
			<wp:meta_value><![CDATA[2017/03/img63.gif]]></wp:meta_value>
		</wp:postmeta>
		<wp:postmeta>
			<wp:meta_key><![CDATA[_wp_attachment_metadata]]></wp:meta_key>
			<wp:meta_value><![CDATA[a:5:{s:5:"width";i:800;s:6:"height";i:540;s:4:"file";s:17:"2017/03/img63.gif";s:5:"sizes";a:12:{s:9:"thumbnail";a:4:{s:4:"file";s:17:"img63-150x150.gif";s:5:"width";i:150;s:6:"height";i:150;s:9:"mime-type";s:9:"image/gif";}s:6:"medium";a:4:{s:4:"file";s:17:"img63-300x300.gif";s:5:"width";i:300;s:6:"height";i:300;s:9:"mime-type";s:9:"image/gif";}s:12:"medium_large";a:4:{s:4:"file";s:17:"img63-768x518.gif";s:5:"width";i:768;s:6:"height";i:518;s:9:"mime-type";s:9:"image/gif";}s:5:"large";a:4:{s:4:"file";s:19:"img63-1024x1024.gif";s:5:"width";i:1024;s:6:"height";i:1024;s:9:"mime-type";s:9:"image/gif";}s:14:"shop_thumbnail";a:4:{s:4:"file";s:17:"img63-180x180.gif";s:5:"width";i:180;s:6:"height";i:180;s:9:"mime-type";s:9:"image/gif";}s:12:"shop_catalog";a:4:{s:4:"file";s:17:"img63-300x300.gif";s:5:"width";i:300;s:6:"height";i:300;s:9:"mime-type";s:9:"image/gif";}s:11:"shop_single";a:4:{s:4:"file";s:17:"img63-600x600.gif";s:5:"width";i:600;s:6:"height";i:600;s:9:"mime-type";s:9:"image/gif";}s:7:"266x266";a:4:{s:4:"file";s:17:"img63-266x266.gif";s:5:"width";i:266;s:6:"height";i:266;s:9:"mime-type";s:9:"image/gif";}s:7:"800x600";a:4:{s:4:"file";s:17:"img63-800x600.gif";s:5:"width";i:800;s:6:"height";i:600;s:9:"mime-type";s:9:"image/gif";}s:7:"278x208";a:4:{s:4:"file";s:17:"img63-278x208.gif";s:5:"width";i:278;s:6:"height";i:208;s:9:"mime-type";s:9:"image/gif";}s:7:"100x100";a:4:{s:4:"file";s:17:"img63-100x100.gif";s:5:"width";i:100;s:6:"height";i:100;s:9:"mime-type";s:9:"image/gif";}s:7:"360x270";a:4:{s:4:"file";s:17:"img63-360x270.gif";s:5:"width";i:360;s:6:"height";i:270;s:9:"mime-type";s:9:"image/gif";}}s:10:"image_meta";a:12:{s:8:"aperture";s:1:"0";s:6:"credit";s:0:"";s:6:"camera";s:0:"";s:7:"caption";s:0:"";s:17:"created_timestamp";s:1:"0";s:9:"copyright";s:0:"";s:12:"focal_length";s:1:"0";s:3:"iso";s:1:"0";s:13:"shutter_speed";s:1:"0";s:5:"title";s:0:"";s:11:"orientation";s:1:"0";s:8:"keywords";a:0:{}}}]]></wp:meta_value>
		</wp:postmeta>
	</item>
	<item>
		<title>jcb</title>
		<link>http://shinetheme.com/demosd/traveler/activity/?attachment_id=5917</link>
		<pubDate>Thu, 02 Mar 2017 07:07:29 +0000</pubDate>
		<dc:creator><![CDATA[admin]]></dc:creator>
		<guid isPermaLink="false">http://shinetheme.com/demosd/traveler/activity/wp-content/uploads/2017/03/jcb.png</guid>
		<description></description>
		<content:encoded><![CDATA[]]></content:encoded>
		<excerpt:encoded><![CDATA[]]></excerpt:encoded>
		<wp:post_id>5917</wp:post_id>
		<wp:post_date><![CDATA[2017-03-02 07:07:29]]></wp:post_date>
		<wp:post_date_gmt><![CDATA[2017-03-02 07:07:29]]></wp:post_date_gmt>
		<wp:comment_status><![CDATA[open]]></wp:comment_status>
		<wp:ping_status><![CDATA[closed]]></wp:ping_status>
		<wp:post_name><![CDATA[jcb]]></wp:post_name>
		<wp:status><![CDATA[inherit]]></wp:status>
		<wp:post_parent>5</wp:post_parent>
		<wp:menu_order>0</wp:menu_order>
		<wp:post_type><![CDATA[attachment]]></wp:post_type>
		<wp:post_password><![CDATA[]]></wp:post_password>
		<wp:is_sticky>0</wp:is_sticky>
		<wp:attachment_url><![CDATA[http://shinetheme.com/demosd/traveler/activity/wp-content/uploads/2017/03/jcb.png]]></wp:attachment_url>
		<wp:postmeta>
			<wp:meta_key><![CDATA[_wp_attached_file]]></wp:meta_key>
			<wp:meta_value><![CDATA[2017/03/jcb.png]]></wp:meta_value>
		</wp:postmeta>
		<wp:postmeta>
			<wp:meta_key><![CDATA[_wp_attachment_metadata]]></wp:meta_key>
			<wp:meta_value><![CDATA[a:5:{s:5:"width";i:46;s:6:"height";i:28;s:4:"file";s:15:"2017/03/jcb.png";s:5:"sizes";a:8:{s:9:"thumbnail";a:4:{s:4:"file";s:15:"jcb-150x150.png";s:5:"width";i:150;s:6:"height";i:150;s:9:"mime-type";s:9:"image/png";}s:6:"medium";a:4:{s:4:"file";s:15:"jcb-300x300.png";s:5:"width";i:300;s:6:"height";i:300;s:9:"mime-type";s:9:"image/png";}s:12:"medium_large";a:4:{s:4:"file";s:15:"jcb-768x467.png";s:5:"width";i:768;s:6:"height";i:467;s:9:"mime-type";s:9:"image/png";}s:5:"large";a:4:{s:4:"file";s:17:"jcb-1024x1024.png";s:5:"width";i:1024;s:6:"height";i:1024;s:9:"mime-type";s:9:"image/png";}s:14:"shop_thumbnail";a:4:{s:4:"file";s:15:"jcb-180x180.png";s:5:"width";i:180;s:6:"height";i:180;s:9:"mime-type";s:9:"image/png";}s:12:"shop_catalog";a:4:{s:4:"file";s:15:"jcb-300x300.png";s:5:"width";i:300;s:6:"height";i:300;s:9:"mime-type";s:9:"image/png";}s:11:"shop_single";a:4:{s:4:"file";s:15:"jcb-600x600.png";s:5:"width";i:600;s:6:"height";i:600;s:9:"mime-type";s:9:"image/png";}s:7:"100x100";a:4:{s:4:"file";s:15:"jcb-100x100.png";s:5:"width";i:100;s:6:"height";i:100;s:9:"mime-type";s:9:"image/png";}}s:10:"image_meta";a:12:{s:8:"aperture";s:1:"0";s:6:"credit";s:0:"";s:6:"camera";s:0:"";s:7:"caption";s:0:"";s:17:"created_timestamp";s:1:"0";s:9:"copyright";s:0:"";s:12:"focal_length";s:1:"0";s:3:"iso";s:1:"0";s:13:"shutter_speed";s:1:"0";s:5:"title";s:0:"";s:11:"orientation";s:1:"0";s:8:"keywords";a:0:{}}}]]></wp:meta_value>
		</wp:postmeta>
	</item>
	<item>
		<title>mastercard</title>
		<link>http://shinetheme.com/demosd/traveler/activity/?attachment_id=5918</link>
		<pubDate>Thu, 02 Mar 2017 07:07:30 +0000</pubDate>
		<dc:creator><![CDATA[admin]]></dc:creator>
		<guid isPermaLink="false">http://shinetheme.com/demosd/traveler/activity/wp-content/uploads/2017/03/mastercard.png</guid>
		<description></description>
		<content:encoded><![CDATA[]]></content:encoded>
		<excerpt:encoded><![CDATA[]]></excerpt:encoded>
		<wp:post_id>5918</wp:post_id>
		<wp:post_date><![CDATA[2017-03-02 07:07:30]]></wp:post_date>
		<wp:post_date_gmt><![CDATA[2017-03-02 07:07:30]]></wp:post_date_gmt>
		<wp:comment_status><![CDATA[open]]></wp:comment_status>
		<wp:ping_status><![CDATA[closed]]></wp:ping_status>
		<wp:post_name><![CDATA[mastercard]]></wp:post_name>
		<wp:status><![CDATA[inherit]]></wp:status>
		<wp:post_parent>5</wp:post_parent>
		<wp:menu_order>0</wp:menu_order>
		<wp:post_type><![CDATA[attachment]]></wp:post_type>
		<wp:post_password><![CDATA[]]></wp:post_password>
		<wp:is_sticky>0</wp:is_sticky>
		<wp:attachment_url><![CDATA[http://shinetheme.com/demosd/traveler/activity/wp-content/uploads/2017/03/mastercard.png]]></wp:attachment_url>
		<wp:postmeta>
			<wp:meta_key><![CDATA[_wp_attached_file]]></wp:meta_key>
			<wp:meta_value><![CDATA[2017/03/mastercard.png]]></wp:meta_value>
		</wp:postmeta>
		<wp:postmeta>
			<wp:meta_key><![CDATA[_wp_attachment_metadata]]></wp:meta_key>
			<wp:meta_value><![CDATA[a:5:{s:5:"width";i:45;s:6:"height";i:28;s:4:"file";s:22:"2017/03/mastercard.png";s:5:"sizes";a:8:{s:9:"thumbnail";a:4:{s:4:"file";s:22:"mastercard-150x150.png";s:5:"width";i:150;s:6:"height";i:150;s:9:"mime-type";s:9:"image/png";}s:6:"medium";a:4:{s:4:"file";s:22:"mastercard-300x300.png";s:5:"width";i:300;s:6:"height";i:300;s:9:"mime-type";s:9:"image/png";}s:12:"medium_large";a:4:{s:4:"file";s:22:"mastercard-768x477.png";s:5:"width";i:768;s:6:"height";i:477;s:9:"mime-type";s:9:"image/png";}s:5:"large";a:4:{s:4:"file";s:24:"mastercard-1024x1024.png";s:5:"width";i:1024;s:6:"height";i:1024;s:9:"mime-type";s:9:"image/png";}s:14:"shop_thumbnail";a:4:{s:4:"file";s:22:"mastercard-180x180.png";s:5:"width";i:180;s:6:"height";i:180;s:9:"mime-type";s:9:"image/png";}s:12:"shop_catalog";a:4:{s:4:"file";s:22:"mastercard-300x300.png";s:5:"width";i:300;s:6:"height";i:300;s:9:"mime-type";s:9:"image/png";}s:11:"shop_single";a:4:{s:4:"file";s:22:"mastercard-600x600.png";s:5:"width";i:600;s:6:"height";i:600;s:9:"mime-type";s:9:"image/png";}s:7:"100x100";a:4:{s:4:"file";s:22:"mastercard-100x100.png";s:5:"width";i:100;s:6:"height";i:100;s:9:"mime-type";s:9:"image/png";}}s:10:"image_meta";a:12:{s:8:"aperture";s:1:"0";s:6:"credit";s:0:"";s:6:"camera";s:0:"";s:7:"caption";s:0:"";s:17:"created_timestamp";s:1:"0";s:9:"copyright";s:0:"";s:12:"focal_length";s:1:"0";s:3:"iso";s:1:"0";s:13:"shutter_speed";s:1:"0";s:5:"title";s:0:"";s:11:"orientation";s:1:"0";s:8:"keywords";a:0:{}}}]]></wp:meta_value>
		</wp:postmeta>
	</item>
	<item>
		<title>unionpay</title>
		<link>http://shinetheme.com/demosd/traveler/activity/?attachment_id=5919</link>
		<pubDate>Thu, 02 Mar 2017 07:07:32 +0000</pubDate>
		<dc:creator><![CDATA[admin]]></dc:creator>
		<guid isPermaLink="false">http://shinetheme.com/demosd/traveler/activity/wp-content/uploads/2017/03/unionpay.png</guid>
		<description></description>
		<content:encoded><![CDATA[]]></content:encoded>
		<excerpt:encoded><![CDATA[]]></excerpt:encoded>
		<wp:post_id>5919</wp:post_id>
		<wp:post_date><![CDATA[2017-03-02 07:07:32]]></wp:post_date>
		<wp:post_date_gmt><![CDATA[2017-03-02 07:07:32]]></wp:post_date_gmt>
		<wp:comment_status><![CDATA[open]]></wp:comment_status>
		<wp:ping_status><![CDATA[closed]]></wp:ping_status>
		<wp:post_name><![CDATA[unionpay]]></wp:post_name>
		<wp:status><![CDATA[inherit]]></wp:status>
		<wp:post_parent>5</wp:post_parent>
		<wp:menu_order>0</wp:menu_order>
		<wp:post_type><![CDATA[attachment]]></wp:post_type>
		<wp:post_password><![CDATA[]]></wp:post_password>
		<wp:is_sticky>0</wp:is_sticky>
		<wp:attachment_url><![CDATA[http://shinetheme.com/demosd/traveler/activity/wp-content/uploads/2017/03/unionpay.png]]></wp:attachment_url>
		<wp:postmeta>
			<wp:meta_key><![CDATA[_wp_attached_file]]></wp:meta_key>
			<wp:meta_value><![CDATA[2017/03/unionpay.png]]></wp:meta_value>
		</wp:postmeta>
		<wp:postmeta>
			<wp:meta_key><![CDATA[_wp_attachment_metadata]]></wp:meta_key>
			<wp:meta_value><![CDATA[a:5:{s:5:"width";i:46;s:6:"height";i:28;s:4:"file";s:20:"2017/03/unionpay.png";s:5:"sizes";a:8:{s:9:"thumbnail";a:4:{s:4:"file";s:20:"unionpay-150x150.png";s:5:"width";i:150;s:6:"height";i:150;s:9:"mime-type";s:9:"image/png";}s:6:"medium";a:4:{s:4:"file";s:20:"unionpay-300x300.png";s:5:"width";i:300;s:6:"height";i:300;s:9:"mime-type";s:9:"image/png";}s:12:"medium_large";a:4:{s:4:"file";s:20:"unionpay-768x467.png";s:5:"width";i:768;s:6:"height";i:467;s:9:"mime-type";s:9:"image/png";}s:5:"large";a:4:{s:4:"file";s:22:"unionpay-1024x1024.png";s:5:"width";i:1024;s:6:"height";i:1024;s:9:"mime-type";s:9:"image/png";}s:14:"shop_thumbnail";a:4:{s:4:"file";s:20:"unionpay-180x180.png";s:5:"width";i:180;s:6:"height";i:180;s:9:"mime-type";s:9:"image/png";}s:12:"shop_catalog";a:4:{s:4:"file";s:20:"unionpay-300x300.png";s:5:"width";i:300;s:6:"height";i:300;s:9:"mime-type";s:9:"image/png";}s:11:"shop_single";a:4:{s:4:"file";s:20:"unionpay-600x600.png";s:5:"width";i:600;s:6:"height";i:600;s:9:"mime-type";s:9:"image/png";}s:7:"100x100";a:4:{s:4:"file";s:20:"unionpay-100x100.png";s:5:"width";i:100;s:6:"height";i:100;s:9:"mime-type";s:9:"image/png";}}s:10:"image_meta";a:12:{s:8:"aperture";s:1:"0";s:6:"credit";s:0:"";s:6:"camera";s:0:"";s:7:"caption";s:0:"";s:17:"created_timestamp";s:1:"0";s:9:"copyright";s:0:"";s:12:"focal_length";s:1:"0";s:3:"iso";s:1:"0";s:13:"shutter_speed";s:1:"0";s:5:"title";s:0:"";s:11:"orientation";s:1:"0";s:8:"keywords";a:0:{}}}]]></wp:meta_value>
		</wp:postmeta>
	</item>
	<item>
		<title>Untitled</title>
		<link>http://shinetheme.com/demosd/traveler/activity/?attachment_id=5920</link>
		<pubDate>Thu, 02 Mar 2017 07:07:34 +0000</pubDate>
		<dc:creator><![CDATA[admin]]></dc:creator>
		<guid isPermaLink="false">http://shinetheme.com/demosd/traveler/activity/wp-content/uploads/2017/03/Untitled.png</guid>
		<description></description>
		<content:encoded><![CDATA[]]></content:encoded>
		<excerpt:encoded><![CDATA[]]></excerpt:encoded>
		<wp:post_id>5920</wp:post_id>
		<wp:post_date><![CDATA[2017-03-02 07:07:34]]></wp:post_date>
		<wp:post_date_gmt><![CDATA[2017-03-02 07:07:34]]></wp:post_date_gmt>
		<wp:comment_status><![CDATA[open]]></wp:comment_status>
		<wp:ping_status><![CDATA[closed]]></wp:ping_status>
		<wp:post_name><![CDATA[untitled-2]]></wp:post_name>
		<wp:status><![CDATA[inherit]]></wp:status>
		<wp:post_parent>5</wp:post_parent>
		<wp:menu_order>0</wp:menu_order>
		<wp:post_type><![CDATA[attachment]]></wp:post_type>
		<wp:post_password><![CDATA[]]></wp:post_password>
		<wp:is_sticky>0</wp:is_sticky>
		<wp:attachment_url><![CDATA[http://shinetheme.com/demosd/traveler/activity/wp-content/uploads/2017/03/Untitled.png]]></wp:attachment_url>
		<wp:postmeta>
			<wp:meta_key><![CDATA[_wp_attached_file]]></wp:meta_key>
			<wp:meta_value><![CDATA[2017/03/Untitled.png]]></wp:meta_value>
		</wp:postmeta>
		<wp:postmeta>
			<wp:meta_key><![CDATA[_wp_attachment_metadata]]></wp:meta_key>
			<wp:meta_value><![CDATA[a:5:{s:5:"width";i:1415;s:6:"height";i:841;s:4:"file";s:20:"2017/03/Untitled.png";s:5:"sizes";a:12:{s:9:"thumbnail";a:4:{s:4:"file";s:20:"Untitled-150x150.png";s:5:"width";i:150;s:6:"height";i:150;s:9:"mime-type";s:9:"image/png";}s:6:"medium";a:4:{s:4:"file";s:20:"Untitled-300x300.png";s:5:"width";i:300;s:6:"height";i:300;s:9:"mime-type";s:9:"image/png";}s:12:"medium_large";a:4:{s:4:"file";s:20:"Untitled-768x456.png";s:5:"width";i:768;s:6:"height";i:456;s:9:"mime-type";s:9:"image/png";}s:5:"large";a:4:{s:4:"file";s:22:"Untitled-1024x1024.png";s:5:"width";i:1024;s:6:"height";i:1024;s:9:"mime-type";s:9:"image/png";}s:14:"shop_thumbnail";a:4:{s:4:"file";s:20:"Untitled-180x180.png";s:5:"width";i:180;s:6:"height";i:180;s:9:"mime-type";s:9:"image/png";}s:12:"shop_catalog";a:4:{s:4:"file";s:20:"Untitled-300x300.png";s:5:"width";i:300;s:6:"height";i:300;s:9:"mime-type";s:9:"image/png";}s:11:"shop_single";a:4:{s:4:"file";s:20:"Untitled-600x600.png";s:5:"width";i:600;s:6:"height";i:600;s:9:"mime-type";s:9:"image/png";}s:7:"266x266";a:4:{s:4:"file";s:20:"Untitled-266x266.png";s:5:"width";i:266;s:6:"height";i:266;s:9:"mime-type";s:9:"image/png";}s:7:"263x197";a:4:{s:4:"file";s:20:"Untitled-263x197.png";s:5:"width";i:263;s:6:"height";i:197;s:9:"mime-type";s:9:"image/png";}s:5:"50x50";a:4:{s:4:"file";s:18:"Untitled-50x50.png";s:5:"width";i:50;s:6:"height";i:50;s:9:"mime-type";s:9:"image/png";}s:7:"100x100";a:4:{s:4:"file";s:20:"Untitled-100x100.png";s:5:"width";i:100;s:6:"height";i:100;s:9:"mime-type";s:9:"image/png";}s:7:"800x600";a:4:{s:4:"file";s:20:"Untitled-800x600.png";s:5:"width";i:800;s:6:"height";i:600;s:9:"mime-type";s:9:"image/png";}}s:10:"image_meta";a:12:{s:8:"aperture";s:1:"0";s:6:"credit";s:0:"";s:6:"camera";s:0:"";s:7:"caption";s:0:"";s:17:"created_timestamp";s:1:"0";s:9:"copyright";s:0:"";s:12:"focal_length";s:1:"0";s:3:"iso";s:1:"0";s:13:"shutter_speed";s:1:"0";s:5:"title";s:0:"";s:11:"orientation";s:1:"0";s:8:"keywords";a:0:{}}}]]></wp:meta_value>
		</wp:postmeta>
	</item>
	<item>
		<title>visa</title>
		<link>http://shinetheme.com/demosd/traveler/activity/?attachment_id=5921</link>
		<pubDate>Thu, 02 Mar 2017 07:07:37 +0000</pubDate>
		<dc:creator><![CDATA[admin]]></dc:creator>
		<guid isPermaLink="false">http://shinetheme.com/demosd/traveler/activity/wp-content/uploads/2017/03/visa.png</guid>
		<description></description>
		<content:encoded><![CDATA[]]></content:encoded>
		<excerpt:encoded><![CDATA[]]></excerpt:encoded>
		<wp:post_id>5921</wp:post_id>
		<wp:post_date><![CDATA[2017-03-02 07:07:37]]></wp:post_date>
		<wp:post_date_gmt><![CDATA[2017-03-02 07:07:37]]></wp:post_date_gmt>
		<wp:comment_status><![CDATA[open]]></wp:comment_status>
		<wp:ping_status><![CDATA[closed]]></wp:ping_status>
		<wp:post_name><![CDATA[visa]]></wp:post_name>
		<wp:status><![CDATA[inherit]]></wp:status>
		<wp:post_parent>5</wp:post_parent>
		<wp:menu_order>0</wp:menu_order>
		<wp:post_type><![CDATA[attachment]]></wp:post_type>
		<wp:post_password><![CDATA[]]></wp:post_password>
		<wp:is_sticky>0</wp:is_sticky>
		<wp:attachment_url><![CDATA[http://shinetheme.com/demosd/traveler/activity/wp-content/uploads/2017/03/visa.png]]></wp:attachment_url>
		<wp:postmeta>
			<wp:meta_key><![CDATA[_wp_attached_file]]></wp:meta_key>
			<wp:meta_value><![CDATA[2017/03/visa.png]]></wp:meta_value>
		</wp:postmeta>
		<wp:postmeta>
			<wp:meta_key><![CDATA[_wp_attachment_metadata]]></wp:meta_key>
			<wp:meta_value><![CDATA[a:5:{s:5:"width";i:45;s:6:"height";i:28;s:4:"file";s:16:"2017/03/visa.png";s:5:"sizes";a:8:{s:9:"thumbnail";a:4:{s:4:"file";s:16:"visa-150x150.png";s:5:"width";i:150;s:6:"height";i:150;s:9:"mime-type";s:9:"image/png";}s:6:"medium";a:4:{s:4:"file";s:16:"visa-300x300.png";s:5:"width";i:300;s:6:"height";i:300;s:9:"mime-type";s:9:"image/png";}s:12:"medium_large";a:4:{s:4:"file";s:16:"visa-768x477.png";s:5:"width";i:768;s:6:"height";i:477;s:9:"mime-type";s:9:"image/png";}s:5:"large";a:4:{s:4:"file";s:18:"visa-1024x1024.png";s:5:"width";i:1024;s:6:"height";i:1024;s:9:"mime-type";s:9:"image/png";}s:14:"shop_thumbnail";a:4:{s:4:"file";s:16:"visa-180x180.png";s:5:"width";i:180;s:6:"height";i:180;s:9:"mime-type";s:9:"image/png";}s:12:"shop_catalog";a:4:{s:4:"file";s:16:"visa-300x300.png";s:5:"width";i:300;s:6:"height";i:300;s:9:"mime-type";s:9:"image/png";}s:11:"shop_single";a:4:{s:4:"file";s:16:"visa-600x600.png";s:5:"width";i:600;s:6:"height";i:600;s:9:"mime-type";s:9:"image/png";}s:7:"100x100";a:4:{s:4:"file";s:16:"visa-100x100.png";s:5:"width";i:100;s:6:"height";i:100;s:9:"mime-type";s:9:"image/png";}}s:10:"image_meta";a:12:{s:8:"aperture";s:1:"0";s:6:"credit";s:0:"";s:6:"camera";s:0:"";s:7:"caption";s:0:"";s:17:"created_timestamp";s:1:"0";s:9:"copyright";s:0:"";s:12:"focal_length";s:1:"0";s:3:"iso";s:1:"0";s:13:"shutter_speed";s:1:"0";s:5:"title";s:0:"";s:11:"orientation";s:1:"0";s:8:"keywords";a:0:{}}}]]></wp:meta_value>
		</wp:postmeta>
	</item>
</channel>
</rss>
