<?xml version="1.0" encoding="UTF-8" ?>
<!-- This is a WordPress eXtended RSS file generated by WordPress as an export of your site. -->
<!-- It contains information about your site's posts, pages, comments, categories, and other content. -->
<!-- You may use this file to transfer that content from one site to another. -->
<!-- This file is not intended to serve as a complete backup of your site. -->

<!-- To import this information into a WordPress site follow these steps: -->
<!-- 1. Log in to that site as an administrator. -->
<!-- 2. Go to Tools: Import in the WordPress admin panel. -->
<!-- 3. Install the "WordPress" importer from the list. -->
<!-- 4. Activate & Run Importer. -->
<!-- 5. Upload this file using the form provided on that page. -->
<!-- 6. You will first be asked to map the authors in this export file to users -->
<!--    on the site. For each author, you may choose to map to an -->
<!--    existing user on the site or to create a new user. -->
<!-- 7. WordPress will then import each of the posts, pages, comments, categories, etc. -->
<!--    contained in this file into your site. -->

<!-- generator="WordPress/4.7.3" created="2017-03-23 08:44" -->
<rss version="2.0"
	xmlns:excerpt="http://wordpress.org/export/1.2/excerpt/"
	xmlns:content="http://purl.org/rss/1.0/modules/content/"
	xmlns:wfw="http://wellformedweb.org/CommentAPI/"
	xmlns:dc="http://purl.org/dc/elements/1.1/"
	xmlns:wp="http://wordpress.org/export/1.2/"
>

<channel>
	<title>Car - Traveler</title>
	<link>http://shinetheme.com/demosd/traveler/car</link>
	<description>Just another WordPress site</description>
	<pubDate>Thu, 23 Mar 2017 08:44:12 +0000</pubDate>
	<language>en-US</language>
	<wp:wxr_version>1.2</wp:wxr_version>
	<wp:base_site_url>http://shinetheme.com/demosd/traveler/car</wp:base_site_url>
	<wp:base_blog_url>http://shinetheme.com/demosd/traveler/car</wp:base_blog_url>

	<wp:author><wp:author_id>1</wp:author_id><wp:author_login><![CDATA[admin]]></wp:author_login><wp:author_email><![CDATA[hanhnhan.hna@gmail.com]]></wp:author_email><wp:author_display_name><![CDATA[admin]]></wp:author_display_name><wp:author_first_name><![CDATA[]]></wp:author_first_name><wp:author_last_name><![CDATA[]]></wp:author_last_name></wp:author>


	<generator>https://wordpress.org/?v=4.7.3</generator>

	<item>
		<title>Single Cars</title>
		<link>http://shinetheme.com/demosd/traveler/car/st_layouts/single-cars/</link>
		<pubDate>Mon, 22 Dec 2014 03:23:59 +0000</pubDate>
		<dc:creator><![CDATA[admin]]></dc:creator>
		<guid isPermaLink="false">http://traveler.shinethemedev.com/wordpress/?post_type=st_layouts&#038;p=678</guid>
		<description></description>
		<content:encoded><![CDATA[[vc_row][vc_column width="9/12"][vc_row_inner][vc_column_inner width="5/12"][st_thumbnail_cars][/vc_column_inner][vc_column_inner width="7/12"][st_cars_price st_style="2"][st_car_show_discount][/vc_column_inner][/vc_row_inner][st_excerpt_cars][vc_row_inner css=".vc_custom_1419214287417{padding-top: 30px !important;}"][vc_column_inner width="1/3"][st_cars_attribute taxonomy="car_features"][/vc_column_inner][vc_column_inner width="1/3"][st_cars_attribute taxonomy="default_equipment"][/vc_column_inner][vc_column_inner el_class="booking-item-features-dark" width="1/3"][st_cars_attribute taxonomy="st_cars_pickup_features"][/vc_column_inner][/vc_row_inner][/vc_column][vc_column width="3/12"][st_detail_date_location_cars][/vc_column][/vc_row]]]></content:encoded>
		<excerpt:encoded><![CDATA[]]></excerpt:encoded>
		<wp:post_id>678</wp:post_id>
		<wp:post_date><![CDATA[2014-12-22 03:23:59]]></wp:post_date>
		<wp:post_date_gmt><![CDATA[2014-12-22 03:23:59]]></wp:post_date_gmt>
		<wp:comment_status><![CDATA[closed]]></wp:comment_status>
		<wp:ping_status><![CDATA[closed]]></wp:ping_status>
		<wp:post_name><![CDATA[single-cars]]></wp:post_name>
		<wp:status><![CDATA[publish]]></wp:status>
		<wp:post_parent>0</wp:post_parent>
		<wp:menu_order>0</wp:menu_order>
		<wp:post_type><![CDATA[st_layouts]]></wp:post_type>
		<wp:post_password><![CDATA[]]></wp:post_password>
		<wp:is_sticky>0</wp:is_sticky>
		<wp:postmeta>
			<wp:meta_key><![CDATA[rate_review]]></wp:meta_key>
			<wp:meta_value><![CDATA[0]]></wp:meta_value>
		</wp:postmeta>
		<wp:postmeta>
			<wp:meta_key><![CDATA[_wpb_shortcodes_custom_css]]></wp:meta_key>
			<wp:meta_value><![CDATA[.vc_custom_1419214287417{padding-top: 30px !important;}]]></wp:meta_value>
		</wp:postmeta>
		<wp:postmeta>
			<wp:meta_key><![CDATA[_wpb_vc_js_status]]></wp:meta_key>
			<wp:meta_value><![CDATA[true]]></wp:meta_value>
		</wp:postmeta>
		<wp:postmeta>
			<wp:meta_key><![CDATA[_wpb_vc_js_interface_version]]></wp:meta_key>
			<wp:meta_value><![CDATA[2]]></wp:meta_value>
		</wp:postmeta>
		<wp:postmeta>
			<wp:meta_key><![CDATA[vc_teaser]]></wp:meta_key>
			<wp:meta_value><![CDATA[a:2:{s:4:"data";s:115:"[{"name":"title","link":"post"},{"name":"image","image":"featured","link":"none"},{"name":"text","mode":"excerpt"}]";s:7:"bgcolor";s:0:"";}]]></wp:meta_value>
		</wp:postmeta>
		<wp:postmeta>
			<wp:meta_key><![CDATA[rate_review]]></wp:meta_key>
			<wp:meta_value><![CDATA[0]]></wp:meta_value>
		</wp:postmeta>
		<wp:postmeta>
			<wp:meta_key><![CDATA[st_type_layout]]></wp:meta_key>
			<wp:meta_value><![CDATA[st_cars]]></wp:meta_value>
		</wp:postmeta>
		<wp:postmeta>
			<wp:meta_key><![CDATA[_vc_post_settings]]></wp:meta_key>
			<wp:meta_value><![CDATA[a:2:{s:7:"vc_grid";a:0:{}s:10:"vc_grid_id";a:0:{}}]]></wp:meta_value>
		</wp:postmeta>
		<wp:postmeta>
			<wp:meta_key><![CDATA[layout_size]]></wp:meta_key>
			<wp:meta_value><![CDATA[container]]></wp:meta_value>
		</wp:postmeta>
		<wp:postmeta>
			<wp:meta_key><![CDATA[is_breadcrumb]]></wp:meta_key>
			<wp:meta_value><![CDATA[on]]></wp:meta_value>
		</wp:postmeta>
	</item>
	<item>
		<title>Search Cars 1</title>
		<link>http://shinetheme.com/demosd/traveler/car/st_layouts/laout-search-1/</link>
		<pubDate>Wed, 24 Dec 2014 07:10:03 +0000</pubDate>
		<dc:creator><![CDATA[admin]]></dc:creator>
		<guid isPermaLink="false">http://localhost/shinetheme/Travel/travel-code/?post_type=st_layouts&#038;p=890</guid>
		<description></description>
		<content:encoded><![CDATA[[vc_row][vc_column][st_search_cars_title][/vc_column][/vc_row][vc_row css=".vc_custom_1422588044061{margin-bottom: 30px !important;}"][vc_column width="1/4" el_class="col-sm2-5"][vc_widget_sidebar sidebar_id="cars-sidebar"][/vc_column][vc_column width="3/4" el_class="col-sm2-7"][st_cars_content_search st_style="1"][/vc_column][/vc_row]]]></content:encoded>
		<excerpt:encoded><![CDATA[]]></excerpt:encoded>
		<wp:post_id>890</wp:post_id>
		<wp:post_date><![CDATA[2014-12-24 07:10:03]]></wp:post_date>
		<wp:post_date_gmt><![CDATA[2014-12-24 07:10:03]]></wp:post_date_gmt>
		<wp:comment_status><![CDATA[closed]]></wp:comment_status>
		<wp:ping_status><![CDATA[closed]]></wp:ping_status>
		<wp:post_name><![CDATA[laout-search-1]]></wp:post_name>
		<wp:status><![CDATA[publish]]></wp:status>
		<wp:post_parent>0</wp:post_parent>
		<wp:menu_order>0</wp:menu_order>
		<wp:post_type><![CDATA[st_layouts]]></wp:post_type>
		<wp:post_password><![CDATA[]]></wp:post_password>
		<wp:is_sticky>0</wp:is_sticky>
		<wp:postmeta>
			<wp:meta_key><![CDATA[rate_review]]></wp:meta_key>
			<wp:meta_value><![CDATA[0]]></wp:meta_value>
		</wp:postmeta>
		<wp:postmeta>
			<wp:meta_key><![CDATA[_wpb_vc_js_status]]></wp:meta_key>
			<wp:meta_value><![CDATA[true]]></wp:meta_value>
		</wp:postmeta>
		<wp:postmeta>
			<wp:meta_key><![CDATA[_wpb_vc_js_interface_version]]></wp:meta_key>
			<wp:meta_value><![CDATA[2]]></wp:meta_value>
		</wp:postmeta>
		<wp:postmeta>
			<wp:meta_key><![CDATA[vc_teaser]]></wp:meta_key>
			<wp:meta_value><![CDATA[a:2:{s:4:"data";s:115:"[{"name":"title","link":"post"},{"name":"image","image":"featured","link":"none"},{"name":"text","mode":"excerpt"}]";s:7:"bgcolor";s:0:"";}]]></wp:meta_value>
		</wp:postmeta>
		<wp:postmeta>
			<wp:meta_key><![CDATA[rate_review]]></wp:meta_key>
			<wp:meta_value><![CDATA[0]]></wp:meta_value>
		</wp:postmeta>
		<wp:postmeta>
			<wp:meta_key><![CDATA[_alp_processed]]></wp:meta_key>
			<wp:meta_value><![CDATA[1422588044]]></wp:meta_value>
		</wp:postmeta>
		<wp:postmeta>
			<wp:meta_key><![CDATA[_wpb_shortcodes_custom_css]]></wp:meta_key>
			<wp:meta_value><![CDATA[.vc_custom_1422588044061{margin-bottom: 30px !important;}]]></wp:meta_value>
		</wp:postmeta>
		<wp:postmeta>
			<wp:meta_key><![CDATA[st_type_layout]]></wp:meta_key>
			<wp:meta_value><![CDATA[st_cars_search]]></wp:meta_value>
		</wp:postmeta>
		<wp:postmeta>
			<wp:meta_key><![CDATA[_vc_post_settings]]></wp:meta_key>
			<wp:meta_value><![CDATA[a:2:{s:7:"vc_grid";a:0:{}s:10:"vc_grid_id";a:0:{}}]]></wp:meta_value>
		</wp:postmeta>
		<wp:postmeta>
			<wp:meta_key><![CDATA[layout_size]]></wp:meta_key>
			<wp:meta_value><![CDATA[container]]></wp:meta_value>
		</wp:postmeta>
		<wp:postmeta>
			<wp:meta_key><![CDATA[is_breadcrumb]]></wp:meta_key>
			<wp:meta_value><![CDATA[on]]></wp:meta_value>
		</wp:postmeta>
	</item>
	<item>
		<title>Search Cars 3</title>
		<link>http://shinetheme.com/demosd/traveler/car/st_layouts/search-cars-2/</link>
		<pubDate>Wed, 24 Dec 2014 08:06:08 +0000</pubDate>
		<dc:creator><![CDATA[admin]]></dc:creator>
		<guid isPermaLink="false">http://localhost/shinetheme/Travel/travel-code/?post_type=st_layouts&#038;p=892</guid>
		<description></description>
		<content:encoded><![CDATA[[vc_row][vc_column][st_search_cars_title][/vc_column][/vc_row][vc_row css=".vc_custom_1419408666214{padding-bottom: 30px !important;}"][vc_column][st_single_search st_list_form="cars" st_direction="horizontal" st_style_search="style_1" st_box_shadow="yes"][/vc_column][/vc_row][vc_row css=".vc_custom_1422588055992{margin-bottom: 30px !important;}"][vc_column width="1/4" el_class="col-sm2-5"][vc_widget_sidebar sidebar_id="cars-sidebar"][/vc_column][vc_column width="3/4" el_class="col-sm2-7"][st_cars_content_search st_style="1"][/vc_column][/vc_row]]]></content:encoded>
		<excerpt:encoded><![CDATA[]]></excerpt:encoded>
		<wp:post_id>892</wp:post_id>
		<wp:post_date><![CDATA[2014-12-24 08:06:08]]></wp:post_date>
		<wp:post_date_gmt><![CDATA[2014-12-24 08:06:08]]></wp:post_date_gmt>
		<wp:comment_status><![CDATA[closed]]></wp:comment_status>
		<wp:ping_status><![CDATA[closed]]></wp:ping_status>
		<wp:post_name><![CDATA[search-cars-2]]></wp:post_name>
		<wp:status><![CDATA[publish]]></wp:status>
		<wp:post_parent>0</wp:post_parent>
		<wp:menu_order>0</wp:menu_order>
		<wp:post_type><![CDATA[st_layouts]]></wp:post_type>
		<wp:post_password><![CDATA[]]></wp:post_password>
		<wp:is_sticky>0</wp:is_sticky>
		<wp:postmeta>
			<wp:meta_key><![CDATA[rate_review]]></wp:meta_key>
			<wp:meta_value><![CDATA[0]]></wp:meta_value>
		</wp:postmeta>
		<wp:postmeta>
			<wp:meta_key><![CDATA[_wpb_vc_js_status]]></wp:meta_key>
			<wp:meta_value><![CDATA[true]]></wp:meta_value>
		</wp:postmeta>
		<wp:postmeta>
			<wp:meta_key><![CDATA[_wpb_vc_js_interface_version]]></wp:meta_key>
			<wp:meta_value><![CDATA[2]]></wp:meta_value>
		</wp:postmeta>
		<wp:postmeta>
			<wp:meta_key><![CDATA[vc_teaser]]></wp:meta_key>
			<wp:meta_value><![CDATA[a:2:{s:4:"data";s:115:"[{"name":"title","link":"post"},{"name":"image","image":"featured","link":"none"},{"name":"text","mode":"excerpt"}]";s:7:"bgcolor";s:0:"";}]]></wp:meta_value>
		</wp:postmeta>
		<wp:postmeta>
			<wp:meta_key><![CDATA[_wpb_shortcodes_custom_css]]></wp:meta_key>
			<wp:meta_value><![CDATA[.vc_custom_1419408666214{padding-bottom: 30px !important;}.vc_custom_1422588055992{margin-bottom: 30px !important;}]]></wp:meta_value>
		</wp:postmeta>
		<wp:postmeta>
			<wp:meta_key><![CDATA[rate_review]]></wp:meta_key>
			<wp:meta_value><![CDATA[0]]></wp:meta_value>
		</wp:postmeta>
		<wp:postmeta>
			<wp:meta_key><![CDATA[_alp_processed]]></wp:meta_key>
			<wp:meta_value><![CDATA[1422588057]]></wp:meta_value>
		</wp:postmeta>
		<wp:postmeta>
			<wp:meta_key><![CDATA[st_type_layout]]></wp:meta_key>
			<wp:meta_value><![CDATA[st_cars_search]]></wp:meta_value>
		</wp:postmeta>
		<wp:postmeta>
			<wp:meta_key><![CDATA[_vc_post_settings]]></wp:meta_key>
			<wp:meta_value><![CDATA[a:2:{s:7:"vc_grid";a:0:{}s:10:"vc_grid_id";a:0:{}}]]></wp:meta_value>
		</wp:postmeta>
		<wp:postmeta>
			<wp:meta_key><![CDATA[layout_size]]></wp:meta_key>
			<wp:meta_value><![CDATA[container]]></wp:meta_value>
		</wp:postmeta>
		<wp:postmeta>
			<wp:meta_key><![CDATA[is_breadcrumb]]></wp:meta_key>
			<wp:meta_value><![CDATA[on]]></wp:meta_value>
		</wp:postmeta>
	</item>
	<item>
		<title>Search Cars 5</title>
		<link>http://shinetheme.com/demosd/traveler/car/st_layouts/layout-search-cars-3/</link>
		<pubDate>Wed, 24 Dec 2014 08:17:45 +0000</pubDate>
		<dc:creator><![CDATA[admin]]></dc:creator>
		<guid isPermaLink="false">http://localhost/shinetheme/Travel/travel-code/?post_type=st_layouts&#038;p=894</guid>
		<description></description>
		<content:encoded><![CDATA[[vc_row][vc_column][st_search_cars_title][/vc_column][/vc_row][vc_row css=".vc_custom_1422588068798{margin-bottom: 30px !important;}"][vc_column width="1/4" el_class="col-sm2-5"][vc_row_inner css=".vc_custom_1419409373507{padding-bottom: 30px !important;}"][vc_column_inner][st_single_search st_list_form="cars" st_direction="vertical" st_style_search="style_1" st_box_shadow="yes" field_size="lg"][/vc_column_inner][/vc_row_inner][vc_widget_sidebar sidebar_id="cars-sidebar" el_class="filter_white"][/vc_column][vc_column width="3/4" el_class="col-sm2-7"][st_cars_content_search st_style="1"][/vc_column][/vc_row]]]></content:encoded>
		<excerpt:encoded><![CDATA[]]></excerpt:encoded>
		<wp:post_id>894</wp:post_id>
		<wp:post_date><![CDATA[2014-12-24 08:17:45]]></wp:post_date>
		<wp:post_date_gmt><![CDATA[2014-12-24 08:17:45]]></wp:post_date_gmt>
		<wp:comment_status><![CDATA[closed]]></wp:comment_status>
		<wp:ping_status><![CDATA[closed]]></wp:ping_status>
		<wp:post_name><![CDATA[layout-search-cars-3]]></wp:post_name>
		<wp:status><![CDATA[publish]]></wp:status>
		<wp:post_parent>0</wp:post_parent>
		<wp:menu_order>0</wp:menu_order>
		<wp:post_type><![CDATA[st_layouts]]></wp:post_type>
		<wp:post_password><![CDATA[]]></wp:post_password>
		<wp:is_sticky>0</wp:is_sticky>
		<wp:postmeta>
			<wp:meta_key><![CDATA[rate_review]]></wp:meta_key>
			<wp:meta_value><![CDATA[0]]></wp:meta_value>
		</wp:postmeta>
		<wp:postmeta>
			<wp:meta_key><![CDATA[_wpb_vc_js_status]]></wp:meta_key>
			<wp:meta_value><![CDATA[true]]></wp:meta_value>
		</wp:postmeta>
		<wp:postmeta>
			<wp:meta_key><![CDATA[_wpb_vc_js_interface_version]]></wp:meta_key>
			<wp:meta_value><![CDATA[2]]></wp:meta_value>
		</wp:postmeta>
		<wp:postmeta>
			<wp:meta_key><![CDATA[vc_teaser]]></wp:meta_key>
			<wp:meta_value><![CDATA[a:2:{s:4:"data";s:115:"[{"name":"title","link":"post"},{"name":"image","image":"featured","link":"none"},{"name":"text","mode":"excerpt"}]";s:7:"bgcolor";s:0:"";}]]></wp:meta_value>
		</wp:postmeta>
		<wp:postmeta>
			<wp:meta_key><![CDATA[_wpb_shortcodes_custom_css]]></wp:meta_key>
			<wp:meta_value><![CDATA[.vc_custom_1422588068798{margin-bottom: 30px !important;}.vc_custom_1419409373507{padding-bottom: 30px !important;}]]></wp:meta_value>
		</wp:postmeta>
		<wp:postmeta>
			<wp:meta_key><![CDATA[_dp_original]]></wp:meta_key>
			<wp:meta_value><![CDATA[892]]></wp:meta_value>
		</wp:postmeta>
		<wp:postmeta>
			<wp:meta_key><![CDATA[rate_review]]></wp:meta_key>
			<wp:meta_value><![CDATA[0]]></wp:meta_value>
		</wp:postmeta>
		<wp:postmeta>
			<wp:meta_key><![CDATA[_alp_processed]]></wp:meta_key>
			<wp:meta_value><![CDATA[1422588069]]></wp:meta_value>
		</wp:postmeta>
		<wp:postmeta>
			<wp:meta_key><![CDATA[st_type_layout]]></wp:meta_key>
			<wp:meta_value><![CDATA[st_cars_search]]></wp:meta_value>
		</wp:postmeta>
		<wp:postmeta>
			<wp:meta_key><![CDATA[_vc_post_settings]]></wp:meta_key>
			<wp:meta_value><![CDATA[a:2:{s:7:"vc_grid";a:0:{}s:10:"vc_grid_id";a:0:{}}]]></wp:meta_value>
		</wp:postmeta>
		<wp:postmeta>
			<wp:meta_key><![CDATA[layout_size]]></wp:meta_key>
			<wp:meta_value><![CDATA[container]]></wp:meta_value>
		</wp:postmeta>
		<wp:postmeta>
			<wp:meta_key><![CDATA[is_breadcrumb]]></wp:meta_key>
			<wp:meta_value><![CDATA[on]]></wp:meta_value>
		</wp:postmeta>
	</item>
	<item>
		<title>Search Cars 2</title>
		<link>http://shinetheme.com/demosd/traveler/car/st_layouts/layout-search-cars-2/</link>
		<pubDate>Wed, 24 Dec 2014 09:15:23 +0000</pubDate>
		<dc:creator><![CDATA[admin]]></dc:creator>
		<guid isPermaLink="false">http://localhost/shinetheme/Travel/travel-code/?post_type=st_layouts&#038;p=897</guid>
		<description></description>
		<content:encoded><![CDATA[[vc_row][vc_column][st_search_cars_title][/vc_column][/vc_row][vc_row css=".vc_custom_1422588079566{margin-bottom: 30px !important;}"][vc_column width="1/4" el_class="col-sm2-5"][vc_widget_sidebar sidebar_id="cars-sidebar"][/vc_column][vc_column width="3/4" el_class="col-sm2-7"][st_cars_content_search st_style="2"][/vc_column][/vc_row]]]></content:encoded>
		<excerpt:encoded><![CDATA[]]></excerpt:encoded>
		<wp:post_id>897</wp:post_id>
		<wp:post_date><![CDATA[2014-12-24 09:15:23]]></wp:post_date>
		<wp:post_date_gmt><![CDATA[2014-12-24 09:15:23]]></wp:post_date_gmt>
		<wp:comment_status><![CDATA[closed]]></wp:comment_status>
		<wp:ping_status><![CDATA[closed]]></wp:ping_status>
		<wp:post_name><![CDATA[layout-search-cars-2]]></wp:post_name>
		<wp:status><![CDATA[publish]]></wp:status>
		<wp:post_parent>0</wp:post_parent>
		<wp:menu_order>0</wp:menu_order>
		<wp:post_type><![CDATA[st_layouts]]></wp:post_type>
		<wp:post_password><![CDATA[]]></wp:post_password>
		<wp:is_sticky>0</wp:is_sticky>
		<wp:postmeta>
			<wp:meta_key><![CDATA[rate_review]]></wp:meta_key>
			<wp:meta_value><![CDATA[0]]></wp:meta_value>
		</wp:postmeta>
		<wp:postmeta>
			<wp:meta_key><![CDATA[_wpb_vc_js_status]]></wp:meta_key>
			<wp:meta_value><![CDATA[true]]></wp:meta_value>
		</wp:postmeta>
		<wp:postmeta>
			<wp:meta_key><![CDATA[_wpb_vc_js_interface_version]]></wp:meta_key>
			<wp:meta_value><![CDATA[2]]></wp:meta_value>
		</wp:postmeta>
		<wp:postmeta>
			<wp:meta_key><![CDATA[vc_teaser]]></wp:meta_key>
			<wp:meta_value><![CDATA[a:2:{s:4:"data";s:115:"[{"name":"title","link":"post"},{"name":"image","image":"featured","link":"none"},{"name":"text","mode":"excerpt"}]";s:7:"bgcolor";s:0:"";}]]></wp:meta_value>
		</wp:postmeta>
		<wp:postmeta>
			<wp:meta_key><![CDATA[rate_review]]></wp:meta_key>
			<wp:meta_value><![CDATA[0]]></wp:meta_value>
		</wp:postmeta>
		<wp:postmeta>
			<wp:meta_key><![CDATA[_alp_processed]]></wp:meta_key>
			<wp:meta_value><![CDATA[1422588080]]></wp:meta_value>
		</wp:postmeta>
		<wp:postmeta>
			<wp:meta_key><![CDATA[_wpb_shortcodes_custom_css]]></wp:meta_key>
			<wp:meta_value><![CDATA[.vc_custom_1422588079566{margin-bottom: 30px !important;}]]></wp:meta_value>
		</wp:postmeta>
		<wp:postmeta>
			<wp:meta_key><![CDATA[st_type_layout]]></wp:meta_key>
			<wp:meta_value><![CDATA[st_cars_search]]></wp:meta_value>
		</wp:postmeta>
		<wp:postmeta>
			<wp:meta_key><![CDATA[_vc_post_settings]]></wp:meta_key>
			<wp:meta_value><![CDATA[a:2:{s:7:"vc_grid";a:0:{}s:10:"vc_grid_id";a:0:{}}]]></wp:meta_value>
		</wp:postmeta>
		<wp:postmeta>
			<wp:meta_key><![CDATA[layout_size]]></wp:meta_key>
			<wp:meta_value><![CDATA[container]]></wp:meta_value>
		</wp:postmeta>
		<wp:postmeta>
			<wp:meta_key><![CDATA[is_breadcrumb]]></wp:meta_key>
			<wp:meta_value><![CDATA[on]]></wp:meta_value>
		</wp:postmeta>
	</item>
	<item>
		<title>Search Cars 4</title>
		<link>http://shinetheme.com/demosd/traveler/car/st_layouts/layout-search-cars-4/</link>
		<pubDate>Wed, 24 Dec 2014 09:18:13 +0000</pubDate>
		<dc:creator><![CDATA[admin]]></dc:creator>
		<guid isPermaLink="false">http://localhost/shinetheme/Travel/travel-code/?post_type=st_layouts&#038;p=898</guid>
		<description></description>
		<content:encoded><![CDATA[[vc_row][vc_column][st_search_cars_title][/vc_column][/vc_row][vc_row css=".vc_custom_1422588113646{margin-bottom: 30px !important;}"][vc_column width="1/4" el_class="col-sm2-5"][vc_widget_sidebar sidebar_id="cars-sidebar-2"][/vc_column][vc_column width="3/4" el_class="col-sm2-7"][st_cars_content_search st_style="1"][/vc_column][/vc_row]]]></content:encoded>
		<excerpt:encoded><![CDATA[]]></excerpt:encoded>
		<wp:post_id>898</wp:post_id>
		<wp:post_date><![CDATA[2014-12-24 09:18:13]]></wp:post_date>
		<wp:post_date_gmt><![CDATA[2014-12-24 09:18:13]]></wp:post_date_gmt>
		<wp:comment_status><![CDATA[closed]]></wp:comment_status>
		<wp:ping_status><![CDATA[closed]]></wp:ping_status>
		<wp:post_name><![CDATA[layout-search-cars-4]]></wp:post_name>
		<wp:status><![CDATA[publish]]></wp:status>
		<wp:post_parent>0</wp:post_parent>
		<wp:menu_order>0</wp:menu_order>
		<wp:post_type><![CDATA[st_layouts]]></wp:post_type>
		<wp:post_password><![CDATA[]]></wp:post_password>
		<wp:is_sticky>0</wp:is_sticky>
		<wp:postmeta>
			<wp:meta_key><![CDATA[rate_review]]></wp:meta_key>
			<wp:meta_value><![CDATA[0]]></wp:meta_value>
		</wp:postmeta>
		<wp:postmeta>
			<wp:meta_key><![CDATA[_wpb_vc_js_status]]></wp:meta_key>
			<wp:meta_value><![CDATA[true]]></wp:meta_value>
		</wp:postmeta>
		<wp:postmeta>
			<wp:meta_key><![CDATA[_wpb_vc_js_interface_version]]></wp:meta_key>
			<wp:meta_value><![CDATA[2]]></wp:meta_value>
		</wp:postmeta>
		<wp:postmeta>
			<wp:meta_key><![CDATA[vc_teaser]]></wp:meta_key>
			<wp:meta_value><![CDATA[a:2:{s:4:"data";s:115:"[{"name":"title","link":"post"},{"name":"image","image":"featured","link":"none"},{"name":"text","mode":"excerpt"}]";s:7:"bgcolor";s:0:"";}]]></wp:meta_value>
		</wp:postmeta>
		<wp:postmeta>
			<wp:meta_key><![CDATA[_dp_original]]></wp:meta_key>
			<wp:meta_value><![CDATA[890]]></wp:meta_value>
		</wp:postmeta>
		<wp:postmeta>
			<wp:meta_key><![CDATA[rate_review]]></wp:meta_key>
			<wp:meta_value><![CDATA[0]]></wp:meta_value>
		</wp:postmeta>
		<wp:postmeta>
			<wp:meta_key><![CDATA[_alp_processed]]></wp:meta_key>
			<wp:meta_value><![CDATA[1422588113]]></wp:meta_value>
		</wp:postmeta>
		<wp:postmeta>
			<wp:meta_key><![CDATA[_wpb_shortcodes_custom_css]]></wp:meta_key>
			<wp:meta_value><![CDATA[.vc_custom_1422588113646{margin-bottom: 30px !important;}]]></wp:meta_value>
		</wp:postmeta>
		<wp:postmeta>
			<wp:meta_key><![CDATA[st_type_layout]]></wp:meta_key>
			<wp:meta_value><![CDATA[st_cars_search]]></wp:meta_value>
		</wp:postmeta>
		<wp:postmeta>
			<wp:meta_key><![CDATA[_vc_post_settings]]></wp:meta_key>
			<wp:meta_value><![CDATA[a:2:{s:7:"vc_grid";a:0:{}s:10:"vc_grid_id";a:0:{}}]]></wp:meta_value>
		</wp:postmeta>
		<wp:postmeta>
			<wp:meta_key><![CDATA[layout_size]]></wp:meta_key>
			<wp:meta_value><![CDATA[container]]></wp:meta_value>
		</wp:postmeta>
		<wp:postmeta>
			<wp:meta_key><![CDATA[is_breadcrumb]]></wp:meta_key>
			<wp:meta_value><![CDATA[on]]></wp:meta_value>
		</wp:postmeta>
	</item>
	<item>
		<title>Single Cars new</title>
		<link>http://shinetheme.com/demosd/traveler/car/st_layouts/single-cars-new/</link>
		<pubDate>Thu, 06 Aug 2015 04:48:15 +0000</pubDate>
		<dc:creator><![CDATA[admin]]></dc:creator>
		<guid isPermaLink="false">http://travelerdata.wpengine.com/?post_type=st_layouts&#038;p=5260</guid>
		<description></description>
		<content:encoded><![CDATA[[vc_row][vc_column width="1/2"][vc_tta_tabs][vc_tta_section title="Photos" tab_id="1480059983855-c54ca973-ef63"][vc_empty_space][st_car_detail_photo style="slide"][/vc_tta_section][vc_tta_section title="On the Map" tab_id="1480059983902-925f451f-5868"][st_cars_detail_map][/vc_tta_section][vc_tta_section title="Video" tab_id="1480060009771-0a4f20cc-fd17"][st_car_video][/vc_tta_section][vc_tta_section title="Reviews" tab_id="1480060019311-d1f941a7-37f8"][vc_empty_space][st_car_detail_review_detail][/vc_tta_section][/vc_tta_tabs][vc_row_inner][vc_column_inner][st_car_show_discount][/vc_column_inner][/vc_row_inner][/vc_column][vc_column width="1/4" css=".vc_custom_1423216399418{margin-top: 38px !important;}"][st_cars_price st_style="1"][/vc_column][vc_column width="1/4"][st_detail_date_location_cars][/vc_column][/vc_row][vc_row css=".vc_custom_1420786944446{margin-bottom: 30px !important;}"][vc_column][vc_row_inner css=".vc_custom_1479468065206{padding-top: 50px !important;padding-bottom: 50px !important;}"][vc_column_inner][st_post_data title="Overview" font_size="3" field="content"][/vc_column_inner][/vc_row_inner][vc_row_inner css=".vc_custom_1439350300303{margin-top: 20px !important;}"][vc_column_inner width="1/4"][st_cars_attribute title="Car Features" font_size="3" taxonomy="car_features"][/vc_column_inner][vc_column_inner width="1/4"][st_cars_attribute title="Default Equipment" font_size="3" taxonomy="default_equipment"][/vc_column_inner][vc_column_inner width="1/4"][st_cars_attribute title="Pickup Features" font_size="3" taxonomy="st_cars_pickup_features"][/vc_column_inner][vc_column_inner width="1/4"][st_cars_attribute title="Category" font_size="3" taxonomy="st_category_cars"][/vc_column_inner][/vc_row_inner][/vc_column][/vc_row][vc_row css=".vc_custom_1479468082281{padding-top: 50px !important;padding-bottom: 50px !important;}"][vc_column][st_car_review][/vc_column][/vc_row]]]></content:encoded>
		<excerpt:encoded><![CDATA[]]></excerpt:encoded>
		<wp:post_id>5260</wp:post_id>
		<wp:post_date><![CDATA[2015-08-06 04:48:15]]></wp:post_date>
		<wp:post_date_gmt><![CDATA[2015-08-06 04:48:15]]></wp:post_date_gmt>
		<wp:comment_status><![CDATA[closed]]></wp:comment_status>
		<wp:ping_status><![CDATA[closed]]></wp:ping_status>
		<wp:post_name><![CDATA[single-cars-new]]></wp:post_name>
		<wp:status><![CDATA[publish]]></wp:status>
		<wp:post_parent>0</wp:post_parent>
		<wp:menu_order>0</wp:menu_order>
		<wp:post_type><![CDATA[st_layouts]]></wp:post_type>
		<wp:post_password><![CDATA[]]></wp:post_password>
		<wp:is_sticky>0</wp:is_sticky>
		<wp:postmeta>
			<wp:meta_key><![CDATA[rate_review]]></wp:meta_key>
			<wp:meta_value><![CDATA[0]]></wp:meta_value>
		</wp:postmeta>
		<wp:postmeta>
			<wp:meta_key><![CDATA[rate_review]]></wp:meta_key>
			<wp:meta_value><![CDATA[0]]></wp:meta_value>
		</wp:postmeta>
		<wp:postmeta>
			<wp:meta_key><![CDATA[_wpb_vc_js_status]]></wp:meta_key>
			<wp:meta_value><![CDATA[true]]></wp:meta_value>
		</wp:postmeta>
		<wp:postmeta>
			<wp:meta_key><![CDATA[_vc_post_settings]]></wp:meta_key>
			<wp:meta_value><![CDATA[a:1:{s:10:"vc_grid_id";a:0:{}}]]></wp:meta_value>
		</wp:postmeta>
		<wp:postmeta>
			<wp:meta_key><![CDATA[_wpb_shortcodes_custom_css]]></wp:meta_key>
			<wp:meta_value><![CDATA[.vc_custom_1420786944446{margin-bottom: 30px !important;}.vc_custom_1479468082281{padding-top: 50px !important;padding-bottom: 50px !important;}.vc_custom_1423216399418{margin-top: 38px !important;}.vc_custom_1479468065206{padding-top: 50px !important;padding-bottom: 50px !important;}.vc_custom_1439350300303{margin-top: 20px !important;}]]></wp:meta_value>
		</wp:postmeta>
		<wp:postmeta>
			<wp:meta_key><![CDATA[st_type_layout]]></wp:meta_key>
			<wp:meta_value><![CDATA[st_cars]]></wp:meta_value>
		</wp:postmeta>
		<wp:postmeta>
			<wp:meta_key><![CDATA[_edit_last]]></wp:meta_key>
			<wp:meta_value><![CDATA[1]]></wp:meta_value>
		</wp:postmeta>
		<wp:postmeta>
			<wp:meta_key><![CDATA[layout_size]]></wp:meta_key>
			<wp:meta_value><![CDATA[container]]></wp:meta_value>
		</wp:postmeta>
		<wp:postmeta>
			<wp:meta_key><![CDATA[min_price]]></wp:meta_key>
			<wp:meta_value><![CDATA[]]></wp:meta_value>
		</wp:postmeta>
	</item>
</channel>
</rss>
