<?xml version="1.0" encoding="UTF-8" ?>
<!-- This is a WordPress eXtended RSS file generated by WordPress as an export of your site. -->
<!-- It contains information about your site's posts, pages, comments, categories, and other content. -->
<!-- You may use this file to transfer that content from one site to another. -->
<!-- This file is not intended to serve as a complete backup of your site. -->

<!-- To import this information into a WordPress site follow these steps: -->
<!-- 1. Log in to that site as an administrator. -->
<!-- 2. Go to Tools: Import in the WordPress admin panel. -->
<!-- 3. Install the "WordPress" importer from the list. -->
<!-- 4. Activate & Run Importer. -->
<!-- 5. Upload this file using the form provided on that page. -->
<!-- 6. You will first be asked to map the authors in this export file to users -->
<!--    on the site. For each author, you may choose to map to an -->
<!--    existing user on the site or to create a new user. -->
<!-- 7. WordPress will then import each of the posts, pages, comments, categories, etc. -->
<!--    contained in this file into your site. -->

<!-- generator="WordPress/4.7.3" created="2017-03-23 08:48" -->
<rss version="2.0"
	xmlns:excerpt="http://wordpress.org/export/1.2/excerpt/"
	xmlns:content="http://purl.org/rss/1.0/modules/content/"
	xmlns:wfw="http://wellformedweb.org/CommentAPI/"
	xmlns:dc="http://purl.org/dc/elements/1.1/"
	xmlns:wp="http://wordpress.org/export/1.2/"
>

<channel>
	<title>Rental</title>
	<link>http://shinetheme.com/demosd/traveler/rental</link>
	<description>Just another WordPress site</description>
	<pubDate>Thu, 23 Mar 2017 08:48:02 +0000</pubDate>
	<language>en-US</language>
	<wp:wxr_version>1.2</wp:wxr_version>
	<wp:base_site_url>http://shinetheme.com/demosd/traveler/rental</wp:base_site_url>
	<wp:base_blog_url>http://shinetheme.com/demosd/traveler/rental</wp:base_blog_url>

	<wp:author><wp:author_id>1</wp:author_id><wp:author_login><![CDATA[admin]]></wp:author_login><wp:author_email><![CDATA[hanhnhan.hna@gmail.com]]></wp:author_email><wp:author_display_name><![CDATA[admin]]></wp:author_display_name><wp:author_first_name><![CDATA[]]></wp:author_first_name><wp:author_last_name><![CDATA[]]></wp:author_last_name></wp:author>


	<generator>https://wordpress.org/?v=4.7.3</generator>

	<item>
		<title>Single Rental - Layout 1</title>
		<link>http://shinetheme.com/demosd/traveler/rental/st_layouts/single-rental-layout-1/</link>
		<pubDate>Wed, 31 Dec 2014 03:11:22 +0000</pubDate>
		<dc:creator><![CDATA[admin]]></dc:creator>
		<guid isPermaLink="false">http://traveler.shinethemedev.com/wordpress/?post_type=st_layouts&#038;p=1086</guid>
		<description></description>
		<content:encoded><![CDATA[[vc_row css=".vc_custom_1419989381228{margin-bottom: 15px !important;}"][vc_column width="2/3"][st_rental_header][/vc_column][vc_column width="1/3" css=".vc_custom_1425020801486{margin-top: 32px !important;}"][st_rental_price][/vc_column][/vc_row][vc_row][vc_column width="7/12"][vc_tta_tabs][vc_tta_section title="Photos" tab_id="1480061635764-48a1bd95-3e90"][st_rental_photo style="slide"][/vc_tta_section][vc_tta_section title="On the Map" tab_id="1480061635806-a2e273c1-85f1"][st_rental_map][/vc_tta_section][/vc_tta_tabs][/vc_column][vc_column width="5/12" css=".vc_custom_1425020934737{margin-top: 32px !important;}"][st_rental_room_review][/vc_column][/vc_row][vc_row][vc_column][vc_column_text css=".vc_custom_1479785932020{padding-top: 60px !important;padding-bottom: 30px !important;}"]
<h3>Check Availability</h3>
[/vc_column_text][/vc_column][/vc_row][vc_row][vc_column width="7/12"][st_rental_calendar][/vc_column][vc_column width="5/12"][st_rental_book_form][/vc_column][/vc_row][vc_row css=".vc_custom_1479785946229{padding-top: 60px !important;padding-bottom: 60px !important;}"][vc_column width="3/12"][st_rental_attribute font_size="3" taxonomy="amenities" item_col="12"][/vc_column][vc_column width="3/12"][st_rental_attribute font_size="3" taxonomy="suitability" item_col="12"][/vc_column][vc_column width="6/12"][vc_column_text]
<h3>Property Description</h3>
[/vc_column_text][vc_empty_space height="12px"][st_post_data field="content"][/vc_column][/vc_row][vc_row css=".vc_custom_1479785969471{padding-bottom: 60px !important;}"][vc_column][vc_row_inner][vc_column_inner width="2/3"][vc_column_text]
<h3>Property Review</h3>
[/vc_column_text][vc_empty_space height="12px"][st_rental_review][/vc_column_inner][vc_column_inner width="1/3"][st_rental_nearby title="Rentals Nearby" font_size="3"][/vc_column_inner][/vc_row_inner][/vc_column][/vc_row]]]></content:encoded>
		<excerpt:encoded><![CDATA[]]></excerpt:encoded>
		<wp:post_id>1086</wp:post_id>
		<wp:post_date><![CDATA[2014-12-31 03:11:22]]></wp:post_date>
		<wp:post_date_gmt><![CDATA[2014-12-31 03:11:22]]></wp:post_date_gmt>
		<wp:comment_status><![CDATA[closed]]></wp:comment_status>
		<wp:ping_status><![CDATA[closed]]></wp:ping_status>
		<wp:post_name><![CDATA[single-rental-layout-1]]></wp:post_name>
		<wp:status><![CDATA[publish]]></wp:status>
		<wp:post_parent>0</wp:post_parent>
		<wp:menu_order>0</wp:menu_order>
		<wp:post_type><![CDATA[st_layouts]]></wp:post_type>
		<wp:post_password><![CDATA[]]></wp:post_password>
		<wp:is_sticky>0</wp:is_sticky>
		<wp:postmeta>
			<wp:meta_key><![CDATA[rate_review]]></wp:meta_key>
			<wp:meta_value><![CDATA[0]]></wp:meta_value>
		</wp:postmeta>
		<wp:postmeta>
			<wp:meta_key><![CDATA[rate_review]]></wp:meta_key>
			<wp:meta_value><![CDATA[0]]></wp:meta_value>
		</wp:postmeta>
		<wp:postmeta>
			<wp:meta_key><![CDATA[_wpb_shortcodes_custom_css]]></wp:meta_key>
			<wp:meta_value><![CDATA[.vc_custom_1419989381228{margin-bottom: 15px !important;}.vc_custom_1479785946229{padding-top: 60px !important;padding-bottom: 60px !important;}.vc_custom_1479785969471{padding-bottom: 60px !important;}.vc_custom_1425020801486{margin-top: 32px !important;}.vc_custom_1425020934737{margin-top: 32px !important;}.vc_custom_1479785932020{padding-top: 60px !important;padding-bottom: 30px !important;}]]></wp:meta_value>
		</wp:postmeta>
		<wp:postmeta>
			<wp:meta_key><![CDATA[_wpb_vc_js_status]]></wp:meta_key>
			<wp:meta_value><![CDATA[true]]></wp:meta_value>
		</wp:postmeta>
		<wp:postmeta>
			<wp:meta_key><![CDATA[_wpb_vc_js_interface_version]]></wp:meta_key>
			<wp:meta_value><![CDATA[2]]></wp:meta_value>
		</wp:postmeta>
		<wp:postmeta>
			<wp:meta_key><![CDATA[vc_teaser]]></wp:meta_key>
			<wp:meta_value><![CDATA[a:2:{s:4:"data";s:115:"[{"name":"title","link":"post"},{"name":"image","image":"featured","link":"none"},{"name":"text","mode":"excerpt"}]";s:7:"bgcolor";s:0:"";}]]></wp:meta_value>
		</wp:postmeta>
		<wp:postmeta>
			<wp:meta_key><![CDATA[st_type_layout]]></wp:meta_key>
			<wp:meta_value><![CDATA[st_rental]]></wp:meta_value>
		</wp:postmeta>
		<wp:postmeta>
			<wp:meta_key><![CDATA[_vc_post_settings]]></wp:meta_key>
			<wp:meta_value><![CDATA[a:1:{s:10:"vc_grid_id";a:0:{}}]]></wp:meta_value>
		</wp:postmeta>
		<wp:postmeta>
			<wp:meta_key><![CDATA[layout_size]]></wp:meta_key>
			<wp:meta_value><![CDATA[container]]></wp:meta_value>
		</wp:postmeta>
		<wp:postmeta>
			<wp:meta_key><![CDATA[is_breadcrumb]]></wp:meta_key>
			<wp:meta_value><![CDATA[on]]></wp:meta_value>
		</wp:postmeta>
		<wp:postmeta>
			<wp:meta_key><![CDATA[_edit_last]]></wp:meta_key>
			<wp:meta_value><![CDATA[1]]></wp:meta_value>
		</wp:postmeta>
		<wp:postmeta>
			<wp:meta_key><![CDATA[min_price]]></wp:meta_key>
			<wp:meta_value><![CDATA[]]></wp:meta_value>
		</wp:postmeta>
	</item>
	<item>
		<title>Single Rental - Layout 2</title>
		<link>http://shinetheme.com/demosd/traveler/rental/st_layouts/single-rental-layout-2/</link>
		<pubDate>Mon, 05 Jan 2015 08:49:05 +0000</pubDate>
		<dc:creator><![CDATA[admin]]></dc:creator>
		<guid isPermaLink="false">http://traveler.shinethemedev.com/wordpress/?post_type=st_layouts&#038;p=1095</guid>
		<description></description>
		<content:encoded><![CDATA[[vc_row css=".vc_custom_1479787204092{padding-bottom: 30px !important;}"][vc_column width="2/3"][st_rental_header][/vc_column][vc_column width="1/3" css=".vc_custom_1425020795258{margin-top: 32px !important;}"][st_rental_price][/vc_column][/vc_row][vc_row][vc_column width="7/12"][vc_tta_tabs][vc_tta_section add_icon="true"  i_icon_fontawesome = "fa fa-camera" title="Photo" tab_id="1419935694-1-32"][st_rental_photo style="grid"][/vc_tta_section][vc_tta_section add_icon="true"  i_icon_fontawesome = "fa fa-map-marker" title="On the map" tab_id="1419935694-2-52"][st_rental_map][/vc_tta_section][/vc_tta_tabs][/vc_column][vc_column width="5/12" css=".vc_custom_1425020942547{margin-top: 32px !important;}"][st_rental_review_summary][/vc_column][/vc_row][vc_row css=".vc_custom_1479787190265{padding-top: 60px !important;padding-bottom: 60px !important;}"][vc_column width="7/12"][vc_empty_space][st_rental_calendar][/vc_column][vc_column width="5/12" css=".vc_custom_1452248620995{padding-top: 30px !important;}"][st_rental_book_form][/vc_column][/vc_row][vc_row css=".vc_custom_1419996522212{margin-top: 50px !important;}"][vc_column width="1/2"][vc_row_inner][vc_column_inner width="1/2"][st_rental_attribute taxonomy="amenities" item_col="12"][/vc_column_inner][vc_column_inner width="1/2"][st_rental_attribute taxonomy="suitability" item_col="12"][/vc_column_inner][/vc_row_inner][/vc_column][vc_column width="1/2"][vc_column_text css=".vc_custom_1479787308702{padding-bottom: 20px !important;}"]
<h4>Property Description</h4>
[/vc_column_text][st_post_data field="content"][/vc_column][/vc_row][vc_row css=".vc_custom_1479787178944{padding-top: 60px !important;padding-bottom: 60px !important;}"][vc_column][vc_row_inner][vc_column_inner width="2/3"][vc_column_text]
<h3>Property Review</h3>
[/vc_column_text][st_rental_review][/vc_column_inner][vc_column_inner width="1/3"][st_rental_nearby title="Rental Nearby "][/vc_column_inner][/vc_row_inner][/vc_column][/vc_row]]]></content:encoded>
		<excerpt:encoded><![CDATA[]]></excerpt:encoded>
		<wp:post_id>1095</wp:post_id>
		<wp:post_date><![CDATA[2015-01-05 08:49:05]]></wp:post_date>
		<wp:post_date_gmt><![CDATA[2015-01-05 08:49:05]]></wp:post_date_gmt>
		<wp:comment_status><![CDATA[closed]]></wp:comment_status>
		<wp:ping_status><![CDATA[closed]]></wp:ping_status>
		<wp:post_name><![CDATA[single-rental-layout-2]]></wp:post_name>
		<wp:status><![CDATA[publish]]></wp:status>
		<wp:post_parent>0</wp:post_parent>
		<wp:menu_order>0</wp:menu_order>
		<wp:post_type><![CDATA[st_layouts]]></wp:post_type>
		<wp:post_password><![CDATA[]]></wp:post_password>
		<wp:is_sticky>0</wp:is_sticky>
		<wp:postmeta>
			<wp:meta_key><![CDATA[rate_review]]></wp:meta_key>
			<wp:meta_value><![CDATA[0]]></wp:meta_value>
		</wp:postmeta>
		<wp:postmeta>
			<wp:meta_key><![CDATA[rate_review]]></wp:meta_key>
			<wp:meta_value><![CDATA[0]]></wp:meta_value>
		</wp:postmeta>
		<wp:postmeta>
			<wp:meta_key><![CDATA[rate_review]]></wp:meta_key>
			<wp:meta_value><![CDATA[0]]></wp:meta_value>
		</wp:postmeta>
		<wp:postmeta>
			<wp:meta_key><![CDATA[_wpb_shortcodes_custom_css]]></wp:meta_key>
			<wp:meta_value><![CDATA[.vc_custom_1479787204092{padding-bottom: 30px !important;}.vc_custom_1479787190265{padding-top: 60px !important;padding-bottom: 60px !important;}.vc_custom_1419996522212{margin-top: 50px !important;}.vc_custom_1479787178944{padding-top: 60px !important;padding-bottom: 60px !important;}.vc_custom_1425020795258{margin-top: 32px !important;}.vc_custom_1425020942547{margin-top: 32px !important;}.vc_custom_1452248620995{padding-top: 30px !important;}.vc_custom_1479787308702{padding-bottom: 20px !important;}]]></wp:meta_value>
		</wp:postmeta>
		<wp:postmeta>
			<wp:meta_key><![CDATA[_wpb_vc_js_status]]></wp:meta_key>
			<wp:meta_value><![CDATA[true]]></wp:meta_value>
		</wp:postmeta>
		<wp:postmeta>
			<wp:meta_key><![CDATA[_wpb_vc_js_interface_version]]></wp:meta_key>
			<wp:meta_value><![CDATA[2]]></wp:meta_value>
		</wp:postmeta>
		<wp:postmeta>
			<wp:meta_key><![CDATA[vc_teaser]]></wp:meta_key>
			<wp:meta_value><![CDATA[a:2:{s:4:"data";s:115:"[{"name":"title","link":"post"},{"name":"image","image":"featured","link":"none"},{"name":"text","mode":"excerpt"}]";s:7:"bgcolor";s:0:"";}]]></wp:meta_value>
		</wp:postmeta>
		<wp:postmeta>
			<wp:meta_key><![CDATA[_dp_original]]></wp:meta_key>
			<wp:meta_value><![CDATA[1086]]></wp:meta_value>
		</wp:postmeta>
		<wp:postmeta>
			<wp:meta_key><![CDATA[st_type_layout]]></wp:meta_key>
			<wp:meta_value><![CDATA[st_rental]]></wp:meta_value>
		</wp:postmeta>
		<wp:postmeta>
			<wp:meta_key><![CDATA[_vc_post_settings]]></wp:meta_key>
			<wp:meta_value><![CDATA[a:1:{s:10:"vc_grid_id";a:0:{}}]]></wp:meta_value>
		</wp:postmeta>
		<wp:postmeta>
			<wp:meta_key><![CDATA[layout_size]]></wp:meta_key>
			<wp:meta_value><![CDATA[container]]></wp:meta_value>
		</wp:postmeta>
		<wp:postmeta>
			<wp:meta_key><![CDATA[is_breadcrumb]]></wp:meta_key>
			<wp:meta_value><![CDATA[on]]></wp:meta_value>
		</wp:postmeta>
		<wp:postmeta>
			<wp:meta_key><![CDATA[_edit_last]]></wp:meta_key>
			<wp:meta_value><![CDATA[1]]></wp:meta_value>
		</wp:postmeta>
		<wp:postmeta>
			<wp:meta_key><![CDATA[min_price]]></wp:meta_key>
			<wp:meta_value><![CDATA[]]></wp:meta_value>
		</wp:postmeta>
	</item>
	<item>
		<title>Single Rental - Layout 3</title>
		<link>http://shinetheme.com/demosd/traveler/rental/st_layouts/single-rental-layout-3/</link>
		<pubDate>Mon, 05 Jan 2015 08:49:15 +0000</pubDate>
		<dc:creator><![CDATA[admin]]></dc:creator>
		<guid isPermaLink="false">http://traveler.shinethemedev.com/wordpress/?post_type=st_layouts&#038;p=1096</guid>
		<description></description>
		<content:encoded><![CDATA[[vc_row css=".vc_custom_1419989381228{margin-bottom: 15px !important;}"][vc_column width="2/3"][st_rental_header][/vc_column][vc_column width="1/3" css=".vc_custom_1425020784278{margin-top: 32px !important;}"][st_rental_price][/vc_column][/vc_row][vc_row css=".vc_custom_1479787367109{padding-top: 60px !important;padding-bottom: 60px !important;}"][vc_column width="2/3"][vc_tta_tabs][vc_tta_section title="Photos" tab_id="1480061386795-cdee224a-ca59"][st_rental_photo style="grid"][/vc_tta_section][vc_tta_section title="On the Map" tab_id="1480061386852-fc08ed6e-ff25"][st_rental_map][/vc_tta_section][vc_tta_section title="About" tab_id="1480061410538-a87c05ab-1a82"][vc_column_text]
<div class="col-sm-4">
<h4>Description</h4>
[st_post_data field=content]

</div>
<div class="col-sm-4">[st_rental_attribute taxonomy=amenities]</div>
<div class="col-sm-4">[st_rental_attribute taxonomy=suitability]</div>
[/vc_column_text][/vc_tta_section][vc_tta_section title="Nearby" tab_id="1480061420183-36def40d-12b4"][st_rental_nearby][/vc_tta_section][vc_tta_section title="Ratings" tab_id="1480061430645-1f9f1671-e472"][st_rental_review_detail][/vc_tta_section][/vc_tta_tabs][/vc_column][vc_column width="1/3" css=".vc_custom_1425020955782{margin-top: 32px !important;}"][st_rental_review_summary][/vc_column][/vc_row][vc_row css=".vc_custom_1479787398597{padding-top: 60px !important;padding-bottom: 60px !important;}"][vc_column][vc_row_inner][vc_column_inner width="2/3"][st_rental_calendar][/vc_column_inner][vc_column_inner width="1/3"][st_rental_book_form][/vc_column_inner][/vc_row_inner][vc_column_text css=".vc_custom_1479787384522{padding-top: 60px !important;padding-bottom: 30px !important;}"]
<h3 class="section-title mbm">Customer Reviews</h3>
[/vc_column_text][vc_empty_space height="12px"][st_rental_review][/vc_column][/vc_row]]]></content:encoded>
		<excerpt:encoded><![CDATA[]]></excerpt:encoded>
		<wp:post_id>1096</wp:post_id>
		<wp:post_date><![CDATA[2015-01-05 08:49:15]]></wp:post_date>
		<wp:post_date_gmt><![CDATA[2015-01-05 08:49:15]]></wp:post_date_gmt>
		<wp:comment_status><![CDATA[closed]]></wp:comment_status>
		<wp:ping_status><![CDATA[closed]]></wp:ping_status>
		<wp:post_name><![CDATA[single-rental-layout-3]]></wp:post_name>
		<wp:status><![CDATA[publish]]></wp:status>
		<wp:post_parent>0</wp:post_parent>
		<wp:menu_order>0</wp:menu_order>
		<wp:post_type><![CDATA[st_layouts]]></wp:post_type>
		<wp:post_password><![CDATA[]]></wp:post_password>
		<wp:is_sticky>0</wp:is_sticky>
		<wp:postmeta>
			<wp:meta_key><![CDATA[rate_review]]></wp:meta_key>
			<wp:meta_value><![CDATA[0]]></wp:meta_value>
		</wp:postmeta>
		<wp:postmeta>
			<wp:meta_key><![CDATA[rate_review]]></wp:meta_key>
			<wp:meta_value><![CDATA[0]]></wp:meta_value>
		</wp:postmeta>
		<wp:postmeta>
			<wp:meta_key><![CDATA[rate_review]]></wp:meta_key>
			<wp:meta_value><![CDATA[0]]></wp:meta_value>
		</wp:postmeta>
		<wp:postmeta>
			<wp:meta_key><![CDATA[rate_review]]></wp:meta_key>
			<wp:meta_value><![CDATA[0]]></wp:meta_value>
		</wp:postmeta>
		<wp:postmeta>
			<wp:meta_key><![CDATA[_wpb_shortcodes_custom_css]]></wp:meta_key>
			<wp:meta_value><![CDATA[.vc_custom_1419989381228{margin-bottom: 15px !important;}.vc_custom_1479787367109{padding-top: 60px !important;padding-bottom: 60px !important;}.vc_custom_1479787398597{padding-top: 60px !important;padding-bottom: 60px !important;}.vc_custom_1425020784278{margin-top: 32px !important;}.vc_custom_1425020955782{margin-top: 32px !important;}.vc_custom_1479787384522{padding-top: 60px !important;padding-bottom: 30px !important;}]]></wp:meta_value>
		</wp:postmeta>
		<wp:postmeta>
			<wp:meta_key><![CDATA[_wpb_vc_js_status]]></wp:meta_key>
			<wp:meta_value><![CDATA[true]]></wp:meta_value>
		</wp:postmeta>
		<wp:postmeta>
			<wp:meta_key><![CDATA[_wpb_vc_js_interface_version]]></wp:meta_key>
			<wp:meta_value><![CDATA[2]]></wp:meta_value>
		</wp:postmeta>
		<wp:postmeta>
			<wp:meta_key><![CDATA[vc_teaser]]></wp:meta_key>
			<wp:meta_value><![CDATA[a:2:{s:4:"data";s:115:"[{"name":"title","link":"post"},{"name":"image","image":"featured","link":"none"},{"name":"text","mode":"excerpt"}]";s:7:"bgcolor";s:0:"";}]]></wp:meta_value>
		</wp:postmeta>
		<wp:postmeta>
			<wp:meta_key><![CDATA[_dp_original]]></wp:meta_key>
			<wp:meta_value><![CDATA[1095]]></wp:meta_value>
		</wp:postmeta>
		<wp:postmeta>
			<wp:meta_key><![CDATA[st_type_layout]]></wp:meta_key>
			<wp:meta_value><![CDATA[st_rental]]></wp:meta_value>
		</wp:postmeta>
		<wp:postmeta>
			<wp:meta_key><![CDATA[_vc_post_settings]]></wp:meta_key>
			<wp:meta_value><![CDATA[a:1:{s:10:"vc_grid_id";a:0:{}}]]></wp:meta_value>
		</wp:postmeta>
		<wp:postmeta>
			<wp:meta_key><![CDATA[layout_size]]></wp:meta_key>
			<wp:meta_value><![CDATA[container]]></wp:meta_value>
		</wp:postmeta>
		<wp:postmeta>
			<wp:meta_key><![CDATA[is_breadcrumb]]></wp:meta_key>
			<wp:meta_value><![CDATA[on]]></wp:meta_value>
		</wp:postmeta>
		<wp:postmeta>
			<wp:meta_key><![CDATA[_edit_last]]></wp:meta_key>
			<wp:meta_value><![CDATA[1]]></wp:meta_value>
		</wp:postmeta>
		<wp:postmeta>
			<wp:meta_key><![CDATA[min_price]]></wp:meta_key>
			<wp:meta_value><![CDATA[]]></wp:meta_value>
		</wp:postmeta>
	</item>
	<item>
		<title>Search Rental  - Layout 2</title>
		<link>http://shinetheme.com/demosd/traveler/rental/st_layouts/search-hotel-layout-2-2/</link>
		<pubDate>Tue, 06 Jan 2015 07:49:14 +0000</pubDate>
		<dc:creator><![CDATA[admin]]></dc:creator>
		<guid isPermaLink="false">http://traveler.shinethemedev.com/wordpress/?post_type=st_layouts&#038;p=1101</guid>
		<description></description>
		<content:encoded><![CDATA[[vc_row][vc_column width="1/1"][vc_column_text][st_search_rental_title][/vc_column_text][/vc_column][/vc_row][vc_row][vc_column width="1/4" el_class="col-sm2-5"][vc_widget_sidebar sidebar_id="hotel-sidebar"][/vc_column][vc_column width="3/4" el_class="col-sm2-7"][vc_column_text][st_search_rental_result style=grid][/vc_column_text][/vc_column][/vc_row]]]></content:encoded>
		<excerpt:encoded><![CDATA[]]></excerpt:encoded>
		<wp:post_id>1101</wp:post_id>
		<wp:post_date><![CDATA[2015-01-06 07:49:14]]></wp:post_date>
		<wp:post_date_gmt><![CDATA[2015-01-06 07:49:14]]></wp:post_date_gmt>
		<wp:comment_status><![CDATA[closed]]></wp:comment_status>
		<wp:ping_status><![CDATA[closed]]></wp:ping_status>
		<wp:post_name><![CDATA[search-hotel-layout-2-2]]></wp:post_name>
		<wp:status><![CDATA[publish]]></wp:status>
		<wp:post_parent>0</wp:post_parent>
		<wp:menu_order>0</wp:menu_order>
		<wp:post_type><![CDATA[st_layouts]]></wp:post_type>
		<wp:post_password><![CDATA[]]></wp:post_password>
		<wp:is_sticky>0</wp:is_sticky>
		<wp:postmeta>
			<wp:meta_key><![CDATA[rate_review]]></wp:meta_key>
			<wp:meta_value><![CDATA[0]]></wp:meta_value>
		</wp:postmeta>
		<wp:postmeta>
			<wp:meta_key><![CDATA[rate_review]]></wp:meta_key>
			<wp:meta_value><![CDATA[0]]></wp:meta_value>
		</wp:postmeta>
		<wp:postmeta>
			<wp:meta_key><![CDATA[_wpb_vc_js_status]]></wp:meta_key>
			<wp:meta_value><![CDATA[true]]></wp:meta_value>
		</wp:postmeta>
		<wp:postmeta>
			<wp:meta_key><![CDATA[_wpb_vc_js_interface_version]]></wp:meta_key>
			<wp:meta_value><![CDATA[2]]></wp:meta_value>
		</wp:postmeta>
		<wp:postmeta>
			<wp:meta_key><![CDATA[vc_teaser]]></wp:meta_key>
			<wp:meta_value><![CDATA[a:2:{s:4:"data";s:115:"[{"name":"title","link":"post"},{"name":"image","image":"featured","link":"none"},{"name":"text","mode":"excerpt"}]";s:7:"bgcolor";s:0:"";}]]></wp:meta_value>
		</wp:postmeta>
		<wp:postmeta>
			<wp:meta_key><![CDATA[st_type_layout]]></wp:meta_key>
			<wp:meta_value><![CDATA[st_rental_search]]></wp:meta_value>
		</wp:postmeta>
		<wp:postmeta>
			<wp:meta_key><![CDATA[_vc_post_settings]]></wp:meta_key>
			<wp:meta_value><![CDATA[a:2:{s:7:"vc_grid";a:0:{}s:10:"vc_grid_id";a:0:{}}]]></wp:meta_value>
		</wp:postmeta>
		<wp:postmeta>
			<wp:meta_key><![CDATA[layout_size]]></wp:meta_key>
			<wp:meta_value><![CDATA[container]]></wp:meta_value>
		</wp:postmeta>
		<wp:postmeta>
			<wp:meta_key><![CDATA[is_breadcrumb]]></wp:meta_key>
			<wp:meta_value><![CDATA[on]]></wp:meta_value>
		</wp:postmeta>
	</item>
	<item>
		<title>Search Rental  - Layout 3</title>
		<link>http://shinetheme.com/demosd/traveler/rental/st_layouts/search-hotel-layout-3-2/</link>
		<pubDate>Tue, 06 Jan 2015 07:49:39 +0000</pubDate>
		<dc:creator><![CDATA[admin]]></dc:creator>
		<guid isPermaLink="false">http://traveler.shinethemedev.com/wordpress/?post_type=st_layouts&#038;p=1102</guid>
		<description></description>
		<content:encoded><![CDATA[[vc_row][vc_column width="1/1"][vc_column_text][st_search_rental_title][/vc_column_text][/vc_column][/vc_row][vc_row css=".vc_custom_1422586681997{margin-bottom: 40px !important;}" row_fullwidth="no" parallax_class="no" bg_video="no"][vc_column width="1/1"][st_single_search st_list_form="rental" st_direction="horizontal" st_style_search="style_1" st_box_shadow="yes"][/vc_column][/vc_row][vc_row][vc_column width="1/4" el_class="col-sm2-5"][vc_widget_sidebar sidebar_id="hotel-sidebar"][/vc_column][vc_column width="3/4" el_class="col-sm2-7"][vc_column_text][st_search_rental_result][/vc_column_text][/vc_column][/vc_row]]]></content:encoded>
		<excerpt:encoded><![CDATA[]]></excerpt:encoded>
		<wp:post_id>1102</wp:post_id>
		<wp:post_date><![CDATA[2015-01-06 07:49:39]]></wp:post_date>
		<wp:post_date_gmt><![CDATA[2015-01-06 07:49:39]]></wp:post_date_gmt>
		<wp:comment_status><![CDATA[closed]]></wp:comment_status>
		<wp:ping_status><![CDATA[closed]]></wp:ping_status>
		<wp:post_name><![CDATA[search-hotel-layout-3-2]]></wp:post_name>
		<wp:status><![CDATA[publish]]></wp:status>
		<wp:post_parent>0</wp:post_parent>
		<wp:menu_order>0</wp:menu_order>
		<wp:post_type><![CDATA[st_layouts]]></wp:post_type>
		<wp:post_password><![CDATA[]]></wp:post_password>
		<wp:is_sticky>0</wp:is_sticky>
		<wp:postmeta>
			<wp:meta_key><![CDATA[rate_review]]></wp:meta_key>
			<wp:meta_value><![CDATA[0]]></wp:meta_value>
		</wp:postmeta>
		<wp:postmeta>
			<wp:meta_key><![CDATA[rate_review]]></wp:meta_key>
			<wp:meta_value><![CDATA[0]]></wp:meta_value>
		</wp:postmeta>
		<wp:postmeta>
			<wp:meta_key><![CDATA[_wpb_vc_js_status]]></wp:meta_key>
			<wp:meta_value><![CDATA[true]]></wp:meta_value>
		</wp:postmeta>
		<wp:postmeta>
			<wp:meta_key><![CDATA[_wpb_vc_js_interface_version]]></wp:meta_key>
			<wp:meta_value><![CDATA[2]]></wp:meta_value>
		</wp:postmeta>
		<wp:postmeta>
			<wp:meta_key><![CDATA[vc_teaser]]></wp:meta_key>
			<wp:meta_value><![CDATA[a:2:{s:4:"data";s:115:"[{"name":"title","link":"post"},{"name":"image","image":"featured","link":"none"},{"name":"text","mode":"excerpt"}]";s:7:"bgcolor";s:0:"";}]]></wp:meta_value>
		</wp:postmeta>
		<wp:postmeta>
			<wp:meta_key><![CDATA[_alp_processed]]></wp:meta_key>
			<wp:meta_value><![CDATA[1422586775]]></wp:meta_value>
		</wp:postmeta>
		<wp:postmeta>
			<wp:meta_key><![CDATA[_wpb_shortcodes_custom_css]]></wp:meta_key>
			<wp:meta_value><![CDATA[.vc_custom_1422586681997{margin-bottom: 40px !important;}]]></wp:meta_value>
		</wp:postmeta>
		<wp:postmeta>
			<wp:meta_key><![CDATA[st_type_layout]]></wp:meta_key>
			<wp:meta_value><![CDATA[st_rental_search]]></wp:meta_value>
		</wp:postmeta>
		<wp:postmeta>
			<wp:meta_key><![CDATA[_vc_post_settings]]></wp:meta_key>
			<wp:meta_value><![CDATA[a:2:{s:7:"vc_grid";a:0:{}s:10:"vc_grid_id";a:0:{}}]]></wp:meta_value>
		</wp:postmeta>
		<wp:postmeta>
			<wp:meta_key><![CDATA[layout_size]]></wp:meta_key>
			<wp:meta_value><![CDATA[container]]></wp:meta_value>
		</wp:postmeta>
		<wp:postmeta>
			<wp:meta_key><![CDATA[is_breadcrumb]]></wp:meta_key>
			<wp:meta_value><![CDATA[on]]></wp:meta_value>
		</wp:postmeta>
	</item>
	<item>
		<title>Search Rental - Layout 4</title>
		<link>http://shinetheme.com/demosd/traveler/rental/st_layouts/search-hotel-layout-4-2/</link>
		<pubDate>Tue, 06 Jan 2015 07:49:54 +0000</pubDate>
		<dc:creator><![CDATA[admin]]></dc:creator>
		<guid isPermaLink="false">http://traveler.shinethemedev.com/wordpress/?post_type=st_layouts&#038;p=1103</guid>
		<description></description>
		<content:encoded><![CDATA[[vc_row][vc_column][st_search_rental_title][/vc_column][/vc_row][vc_row][vc_column width="1/4" el_class="col-sm2-5"][vc_widget_sidebar sidebar_id="rental-sidebar-2"][/vc_column][vc_column width="3/4" el_class="col-sm2-7"][vc_column_text][st_search_rental_result ][/vc_column_text][/vc_column][/vc_row]]]></content:encoded>
		<excerpt:encoded><![CDATA[]]></excerpt:encoded>
		<wp:post_id>1103</wp:post_id>
		<wp:post_date><![CDATA[2015-01-06 07:49:54]]></wp:post_date>
		<wp:post_date_gmt><![CDATA[2015-01-06 07:49:54]]></wp:post_date_gmt>
		<wp:comment_status><![CDATA[closed]]></wp:comment_status>
		<wp:ping_status><![CDATA[closed]]></wp:ping_status>
		<wp:post_name><![CDATA[search-hotel-layout-4-2]]></wp:post_name>
		<wp:status><![CDATA[publish]]></wp:status>
		<wp:post_parent>0</wp:post_parent>
		<wp:menu_order>0</wp:menu_order>
		<wp:post_type><![CDATA[st_layouts]]></wp:post_type>
		<wp:post_password><![CDATA[]]></wp:post_password>
		<wp:is_sticky>0</wp:is_sticky>
		<wp:postmeta>
			<wp:meta_key><![CDATA[rate_review]]></wp:meta_key>
			<wp:meta_value><![CDATA[0]]></wp:meta_value>
		</wp:postmeta>
		<wp:postmeta>
			<wp:meta_key><![CDATA[rate_review]]></wp:meta_key>
			<wp:meta_value><![CDATA[0]]></wp:meta_value>
		</wp:postmeta>
		<wp:postmeta>
			<wp:meta_key><![CDATA[_wpb_vc_js_status]]></wp:meta_key>
			<wp:meta_value><![CDATA[true]]></wp:meta_value>
		</wp:postmeta>
		<wp:postmeta>
			<wp:meta_key><![CDATA[_wpb_vc_js_interface_version]]></wp:meta_key>
			<wp:meta_value><![CDATA[2]]></wp:meta_value>
		</wp:postmeta>
		<wp:postmeta>
			<wp:meta_key><![CDATA[vc_teaser]]></wp:meta_key>
			<wp:meta_value><![CDATA[a:2:{s:4:"data";s:115:"[{"name":"title","link":"post"},{"name":"image","image":"featured","link":"none"},{"name":"text","mode":"excerpt"}]";s:7:"bgcolor";s:0:"";}]]></wp:meta_value>
		</wp:postmeta>
		<wp:postmeta>
			<wp:meta_key><![CDATA[_alp_processed]]></wp:meta_key>
			<wp:meta_value><![CDATA[1422587299]]></wp:meta_value>
		</wp:postmeta>
		<wp:postmeta>
			<wp:meta_key><![CDATA[st_type_layout]]></wp:meta_key>
			<wp:meta_value><![CDATA[st_rental_search]]></wp:meta_value>
		</wp:postmeta>
		<wp:postmeta>
			<wp:meta_key><![CDATA[_vc_post_settings]]></wp:meta_key>
			<wp:meta_value><![CDATA[a:2:{s:7:"vc_grid";a:0:{}s:10:"vc_grid_id";a:0:{}}]]></wp:meta_value>
		</wp:postmeta>
		<wp:postmeta>
			<wp:meta_key><![CDATA[layout_size]]></wp:meta_key>
			<wp:meta_value><![CDATA[container]]></wp:meta_value>
		</wp:postmeta>
		<wp:postmeta>
			<wp:meta_key><![CDATA[is_breadcrumb]]></wp:meta_key>
			<wp:meta_value><![CDATA[on]]></wp:meta_value>
		</wp:postmeta>
	</item>
	<item>
		<title>Search Rental  - Layout 5</title>
		<link>http://shinetheme.com/demosd/traveler/rental/st_layouts/search-hotel-layout-5-2/</link>
		<pubDate>Tue, 06 Jan 2015 07:50:16 +0000</pubDate>
		<dc:creator><![CDATA[admin]]></dc:creator>
		<guid isPermaLink="false">http://traveler.shinethemedev.com/wordpress/?post_type=st_layouts&#038;p=1104</guid>
		<description></description>
		<content:encoded><![CDATA[[vc_row][vc_column][st_search_rental_title][/vc_column][/vc_row][vc_row][vc_column width="1/4" el_class="col-sm2-5"][st_single_search st_list_form="rental" st_direction="vertical" st_style_search="style_1" st_box_shadow="yes"][vc_widget_sidebar sidebar_id="rental-sidebar" el_class="mt30"][/vc_column][vc_column width="3/4" el_class="col-sm2-7"][vc_column_text][st_search_rental_result ][/vc_column_text][/vc_column][/vc_row]]]></content:encoded>
		<excerpt:encoded><![CDATA[]]></excerpt:encoded>
		<wp:post_id>1104</wp:post_id>
		<wp:post_date><![CDATA[2015-01-06 07:50:16]]></wp:post_date>
		<wp:post_date_gmt><![CDATA[2015-01-06 07:50:16]]></wp:post_date_gmt>
		<wp:comment_status><![CDATA[closed]]></wp:comment_status>
		<wp:ping_status><![CDATA[closed]]></wp:ping_status>
		<wp:post_name><![CDATA[search-hotel-layout-5-2]]></wp:post_name>
		<wp:status><![CDATA[publish]]></wp:status>
		<wp:post_parent>0</wp:post_parent>
		<wp:menu_order>0</wp:menu_order>
		<wp:post_type><![CDATA[st_layouts]]></wp:post_type>
		<wp:post_password><![CDATA[]]></wp:post_password>
		<wp:is_sticky>0</wp:is_sticky>
		<wp:postmeta>
			<wp:meta_key><![CDATA[rate_review]]></wp:meta_key>
			<wp:meta_value><![CDATA[0]]></wp:meta_value>
		</wp:postmeta>
		<wp:postmeta>
			<wp:meta_key><![CDATA[rate_review]]></wp:meta_key>
			<wp:meta_value><![CDATA[0]]></wp:meta_value>
		</wp:postmeta>
		<wp:postmeta>
			<wp:meta_key><![CDATA[_wpb_vc_js_status]]></wp:meta_key>
			<wp:meta_value><![CDATA[true]]></wp:meta_value>
		</wp:postmeta>
		<wp:postmeta>
			<wp:meta_key><![CDATA[_wpb_vc_js_interface_version]]></wp:meta_key>
			<wp:meta_value><![CDATA[2]]></wp:meta_value>
		</wp:postmeta>
		<wp:postmeta>
			<wp:meta_key><![CDATA[vc_teaser]]></wp:meta_key>
			<wp:meta_value><![CDATA[a:2:{s:4:"data";s:115:"[{"name":"title","link":"post"},{"name":"image","image":"featured","link":"none"},{"name":"text","mode":"excerpt"}]";s:7:"bgcolor";s:0:"";}]]></wp:meta_value>
		</wp:postmeta>
		<wp:postmeta>
			<wp:meta_key><![CDATA[_alp_processed]]></wp:meta_key>
			<wp:meta_value><![CDATA[1422587656]]></wp:meta_value>
		</wp:postmeta>
		<wp:postmeta>
			<wp:meta_key><![CDATA[st_type_layout]]></wp:meta_key>
			<wp:meta_value><![CDATA[st_rental_search]]></wp:meta_value>
		</wp:postmeta>
		<wp:postmeta>
			<wp:meta_key><![CDATA[_vc_post_settings]]></wp:meta_key>
			<wp:meta_value><![CDATA[a:2:{s:7:"vc_grid";a:0:{}s:10:"vc_grid_id";a:0:{}}]]></wp:meta_value>
		</wp:postmeta>
		<wp:postmeta>
			<wp:meta_key><![CDATA[layout_size]]></wp:meta_key>
			<wp:meta_value><![CDATA[container]]></wp:meta_value>
		</wp:postmeta>
		<wp:postmeta>
			<wp:meta_key><![CDATA[is_breadcrumb]]></wp:meta_key>
			<wp:meta_value><![CDATA[on]]></wp:meta_value>
		</wp:postmeta>
	</item>
	<item>
		<title>Room rental layout 1</title>
		<link>http://shinetheme.com/demosd/traveler/rental/st_layouts/room-rental-layout-1/</link>
		<pubDate>Wed, 28 Oct 2015 09:28:53 +0000</pubDate>
		<dc:creator><![CDATA[admin]]></dc:creator>
		<guid isPermaLink="false">http://travelerdata.wpengine.com/?post_type=st_layouts&#038;p=5475</guid>
		<description></description>
		<content:encoded><![CDATA[[vc_row el_class="custom-row-single-room"][vc_column width="2/3" el_class="custom-row-single-room"][st_rental_room_header][vc_empty_space height="30px"][vc_tta_tabs][vc_tta_section title="Photos" tab_id="1479986406215-d9822a7c-e845"][st_rental_room_gallery style="slide"][/vc_tta_section][vc_tta_section title="Room description" tab_id="1479986406297-a961a92e-87da"][st_rental_room_content][/vc_tta_section][vc_tta_section title="Room Review" tab_id="1479986441814-34d2b8f2-fcf9"][st_rental_room_review][vc_empty_space height="15px"][/vc_tta_section][/vc_tta_tabs][/vc_column][vc_column width="1/3"][st_related_rental_room number_of_room="5"][/vc_column][/vc_row]]]></content:encoded>
		<excerpt:encoded><![CDATA[]]></excerpt:encoded>
		<wp:post_id>5475</wp:post_id>
		<wp:post_date><![CDATA[2015-10-28 09:28:53]]></wp:post_date>
		<wp:post_date_gmt><![CDATA[2015-10-28 09:28:53]]></wp:post_date_gmt>
		<wp:comment_status><![CDATA[closed]]></wp:comment_status>
		<wp:ping_status><![CDATA[closed]]></wp:ping_status>
		<wp:post_name><![CDATA[room-rental-layout-1]]></wp:post_name>
		<wp:status><![CDATA[publish]]></wp:status>
		<wp:post_parent>0</wp:post_parent>
		<wp:menu_order>0</wp:menu_order>
		<wp:post_type><![CDATA[st_layouts]]></wp:post_type>
		<wp:post_password><![CDATA[]]></wp:post_password>
		<wp:is_sticky>0</wp:is_sticky>
		<wp:postmeta>
			<wp:meta_key><![CDATA[rate_review]]></wp:meta_key>
			<wp:meta_value><![CDATA[0]]></wp:meta_value>
		</wp:postmeta>
		<wp:postmeta>
			<wp:meta_key><![CDATA[rate_review]]></wp:meta_key>
			<wp:meta_value><![CDATA[0]]></wp:meta_value>
		</wp:postmeta>
		<wp:postmeta>
			<wp:meta_key><![CDATA[_wpb_vc_js_status]]></wp:meta_key>
			<wp:meta_value><![CDATA[true]]></wp:meta_value>
		</wp:postmeta>
		<wp:postmeta>
			<wp:meta_key><![CDATA[_vc_post_settings]]></wp:meta_key>
			<wp:meta_value><![CDATA[a:1:{s:10:"vc_grid_id";a:0:{}}]]></wp:meta_value>
		</wp:postmeta>
		<wp:postmeta>
			<wp:meta_key><![CDATA[st_type_layout]]></wp:meta_key>
			<wp:meta_value><![CDATA[rental_room]]></wp:meta_value>
		</wp:postmeta>
		<wp:postmeta>
			<wp:meta_key><![CDATA[layout_size]]></wp:meta_key>
			<wp:meta_value><![CDATA[container]]></wp:meta_value>
		</wp:postmeta>
		<wp:postmeta>
			<wp:meta_key><![CDATA[is_breadcrumb]]></wp:meta_key>
			<wp:meta_value><![CDATA[on]]></wp:meta_value>
		</wp:postmeta>
		<wp:postmeta>
			<wp:meta_key><![CDATA[_edit_last]]></wp:meta_key>
			<wp:meta_value><![CDATA[1]]></wp:meta_value>
		</wp:postmeta>
		<wp:postmeta>
			<wp:meta_key><![CDATA[min_price]]></wp:meta_key>
			<wp:meta_value><![CDATA[]]></wp:meta_value>
		</wp:postmeta>
	</item>
	<item>
		<title>Room rental layout 2</title>
		<link>http://shinetheme.com/demosd/traveler/rental/st_layouts/room-rental-layout-3/</link>
		<pubDate>Wed, 28 Oct 2015 09:31:42 +0000</pubDate>
		<dc:creator><![CDATA[admin]]></dc:creator>
		<guid isPermaLink="false">http://travelerdata.wpengine.com/?post_type=st_layouts&#038;p=5476</guid>
		<description></description>
		<content:encoded><![CDATA[[vc_row el_class="custom-row-single-room"][vc_column width="2/3" el_class="custom-row-single-room"][st_rental_room_header][vc_row_inner css=".vc_custom_1439366020692{padding-top: 40px !important;}"][vc_column_inner][st_rental_room_gallery style="slide"][/vc_column_inner][/vc_row_inner][vc_row_inner css=".vc_custom_1439366158544{padding-top: 40px !important;}"][vc_column_inner][st_rental_room_content][/vc_column_inner][/vc_row_inner][vc_row_inner css=".vc_custom_1439366124092{padding-top: 40px !important;}"][vc_column_inner][vc_column_text]
<h3>Room Reviews</h3>
[/vc_column_text][st_rental_room_review][/vc_column_inner][/vc_row_inner][/vc_column][vc_column width="1/3"][st_related_rental_room number_of_room="5"][/vc_column][/vc_row]]]></content:encoded>
		<excerpt:encoded><![CDATA[]]></excerpt:encoded>
		<wp:post_id>5476</wp:post_id>
		<wp:post_date><![CDATA[2015-10-28 09:31:42]]></wp:post_date>
		<wp:post_date_gmt><![CDATA[2015-10-28 09:31:42]]></wp:post_date_gmt>
		<wp:comment_status><![CDATA[closed]]></wp:comment_status>
		<wp:ping_status><![CDATA[closed]]></wp:ping_status>
		<wp:post_name><![CDATA[room-rental-layout-3]]></wp:post_name>
		<wp:status><![CDATA[publish]]></wp:status>
		<wp:post_parent>0</wp:post_parent>
		<wp:menu_order>0</wp:menu_order>
		<wp:post_type><![CDATA[st_layouts]]></wp:post_type>
		<wp:post_password><![CDATA[]]></wp:post_password>
		<wp:is_sticky>0</wp:is_sticky>
		<wp:postmeta>
			<wp:meta_key><![CDATA[rate_review]]></wp:meta_key>
			<wp:meta_value><![CDATA[0]]></wp:meta_value>
		</wp:postmeta>
		<wp:postmeta>
			<wp:meta_key><![CDATA[rate_review]]></wp:meta_key>
			<wp:meta_value><![CDATA[0]]></wp:meta_value>
		</wp:postmeta>
		<wp:postmeta>
			<wp:meta_key><![CDATA[_wpb_shortcodes_custom_css]]></wp:meta_key>
			<wp:meta_value><![CDATA[.vc_custom_1439366020692{padding-top: 40px !important;}.vc_custom_1439366158544{padding-top: 40px !important;}.vc_custom_1439366124092{padding-top: 40px !important;}]]></wp:meta_value>
		</wp:postmeta>
		<wp:postmeta>
			<wp:meta_key><![CDATA[_wpb_vc_js_status]]></wp:meta_key>
			<wp:meta_value><![CDATA[true]]></wp:meta_value>
		</wp:postmeta>
		<wp:postmeta>
			<wp:meta_key><![CDATA[_vc_post_settings]]></wp:meta_key>
			<wp:meta_value><![CDATA[a:2:{s:7:"vc_grid";a:0:{}s:10:"vc_grid_id";a:0:{}}]]></wp:meta_value>
		</wp:postmeta>
		<wp:postmeta>
			<wp:meta_key><![CDATA[st_type_layout]]></wp:meta_key>
			<wp:meta_value><![CDATA[rental_room]]></wp:meta_value>
		</wp:postmeta>
		<wp:postmeta>
			<wp:meta_key><![CDATA[layout_size]]></wp:meta_key>
			<wp:meta_value><![CDATA[container]]></wp:meta_value>
		</wp:postmeta>
		<wp:postmeta>
			<wp:meta_key><![CDATA[is_breadcrumb]]></wp:meta_key>
			<wp:meta_value><![CDATA[on]]></wp:meta_value>
		</wp:postmeta>
	</item>
</channel>
</rss>
