<?xml version="1.0" encoding="UTF-8" ?>
<!-- This is a WordPress eXtended RSS file generated by WordPress as an export of your site. -->
<!-- It contains information about your site's posts, pages, comments, categories, and other content. -->
<!-- You may use this file to transfer that content from one site to another. -->
<!-- This file is not intended to serve as a complete backup of your site. -->

<!-- To import this information into a WordPress site follow these steps: -->
<!-- 1. Log in to that site as an administrator. -->
<!-- 2. Go to Tools: Import in the WordPress admin panel. -->
<!-- 3. Install the "WordPress" importer from the list. -->
<!-- 4. Activate & Run Importer. -->
<!-- 5. Upload this file using the form provided on that page. -->
<!-- 6. You will first be asked to map the authors in this export file to users -->
<!--    on the site. For each author, you may choose to map to an -->
<!--    existing user on the site or to create a new user. -->
<!-- 7. WordPress will then import each of the posts, pages, comments, categories, etc. -->
<!--    contained in this file into your site. -->

<!-- generator="WordPress/4.7.3" created="2017-03-23 08:29" -->
<rss version="2.0"
	xmlns:excerpt="http://wordpress.org/export/1.2/excerpt/"
	xmlns:content="http://purl.org/rss/1.0/modules/content/"
	xmlns:wfw="http://wellformedweb.org/CommentAPI/"
	xmlns:dc="http://purl.org/dc/elements/1.1/"
	xmlns:wp="http://wordpress.org/export/1.2/"
>

<channel>
	<title>Traveler - Hotel</title>
	<link>http://shinetheme.com/demosd/traveler/hotel</link>
	<description>Just another WordPress site</description>
	<pubDate>Thu, 23 Mar 2017 08:29:26 +0000</pubDate>
	<language>en-US</language>
	<wp:wxr_version>1.2</wp:wxr_version>
	<wp:base_site_url>http://shinetheme.com/demosd/traveler/hotel</wp:base_site_url>
	<wp:base_blog_url>http://shinetheme.com/demosd/traveler/hotel</wp:base_blog_url>

	<wp:author><wp:author_id>1</wp:author_id><wp:author_login><![CDATA[admin]]></wp:author_login><wp:author_email><![CDATA[hanhnhan.hna@gmail.com]]></wp:author_email><wp:author_display_name><![CDATA[admin]]></wp:author_display_name><wp:author_first_name><![CDATA[]]></wp:author_first_name><wp:author_last_name><![CDATA[]]></wp:author_last_name></wp:author>


	<generator>https://wordpress.org/?v=4.7.3</generator>

	<item>
		<title>Single Hotel - Layout 1</title>
		<link>http://shinetheme.com/demosd/traveler/hotel/st_layouts/single-hotel-layout-1/</link>
		<pubDate>Tue, 16 Dec 2014 02:02:13 +0000</pubDate>
		<dc:creator><![CDATA[admin]]></dc:creator>
		<guid isPermaLink="false">http://traveler.shinethemedev.com/wordpress/?post_type=st_layouts&#038;p=597</guid>
		<description></description>
		<content:encoded><![CDATA[[vc_row css=".vc_custom_1419825856635{margin-top: 15px !important;margin-bottom: 20px !important;}"][vc_column width="3/4"][st_hotel_header][/vc_column][vc_column width="1/4"][st_hotel_price][/vc_column][/vc_row][vc_row][vc_column width="1/2"][vc_tta_tabs][vc_tta_section add_icon="true"  i_icon_fontawesome = "fa fa-camera" title="Photos" tab_id="1418609998892-1-5"][st_hotel_detail_photo style="slide"][/vc_tta_section][vc_tta_section add_icon="true"  i_icon_fontawesome = "fa fa-map-marker" title="On the Map" tab_id="1418376646-2-22"][st_hotel_detail_map][/vc_tta_section][vc_tta_section add_icon="true"  i_icon_fontawesome = "fa fa-video-camera" title="Video" tab_id="1419221514302-2-1"][st_hotel_video][/vc_tta_section][/vc_tta_tabs][/vc_column][vc_column width="1/2" css=".vc_custom_1422582053377{margin-top: 40px !important;}"][st_hotel_detail_review_summary][st_hotel_detail_review_detail][/vc_column][/vc_row][vc_row css=".vc_custom_1422873323139{padding-top: 40px !important;padding-bottom: 40px !important;}"][vc_column][st_post_data title="Hotel Description" field="content"][st_hotel_policy][vc_empty_space][st_hotel_detail_card_accept][/vc_column][/vc_row][vc_row css=".vc_custom_1418615256584{margin-top: 60px !important;}"][vc_column][vc_row_inner][vc_column_inner width="3/4"][vc_column_text]
<h3>Available Rooms</h3>
[/vc_column_text][st_hotel_detail_search_room][st_hotel_detail_list_rooms][/vc_column_inner][vc_column_inner width="1/4"][st_hotel_logo title="About Hotel" font_size="3"][st_post_data field="excerpt"][st_hotel_detail_attribute taxonomy="hotel_facilities" item_col="12"][/vc_column_inner][/vc_row_inner][/vc_column][/vc_row][vc_row][vc_column][vc_row_inner][vc_column_inner width="2/3"][vc_column_text css=".vc_custom_1418626997498{margin-bottom: 20px !important;}"]
<h3>Hotel Reviews</h3>
[/vc_column_text][st_hotel_review font_size="3"][/vc_column_inner][vc_column_inner width="1/3"][st_hotel_nearby title="Hotel Nearby" font_size="4"][/vc_column_inner][/vc_row_inner][/vc_column][/vc_row]]]></content:encoded>
		<excerpt:encoded><![CDATA[]]></excerpt:encoded>
		<wp:post_id>597</wp:post_id>
		<wp:post_date><![CDATA[2014-12-16 02:02:13]]></wp:post_date>
		<wp:post_date_gmt><![CDATA[2014-12-16 02:02:13]]></wp:post_date_gmt>
		<wp:comment_status><![CDATA[closed]]></wp:comment_status>
		<wp:ping_status><![CDATA[closed]]></wp:ping_status>
		<wp:post_name><![CDATA[single-hotel-layout-1]]></wp:post_name>
		<wp:status><![CDATA[publish]]></wp:status>
		<wp:post_parent>0</wp:post_parent>
		<wp:menu_order>0</wp:menu_order>
		<wp:post_type><![CDATA[st_layouts]]></wp:post_type>
		<wp:post_password><![CDATA[]]></wp:post_password>
		<wp:is_sticky>0</wp:is_sticky>
		<wp:postmeta>
			<wp:meta_key><![CDATA[rate_review]]></wp:meta_key>
			<wp:meta_value><![CDATA[0]]></wp:meta_value>
		</wp:postmeta>
		<wp:postmeta>
			<wp:meta_key><![CDATA[_wpb_shortcodes_custom_css]]></wp:meta_key>
			<wp:meta_value><![CDATA[.vc_custom_1419825856635{margin-top: 15px !important;margin-bottom: 20px !important;}.vc_custom_1422873323139{padding-top: 40px !important;padding-bottom: 40px !important;}.vc_custom_1418615256584{margin-top: 60px !important;}.vc_custom_1422582053377{margin-top: 40px !important;}.vc_custom_1418626997498{margin-bottom: 20px !important;}]]></wp:meta_value>
		</wp:postmeta>
		<wp:postmeta>
			<wp:meta_key><![CDATA[_wpb_vc_js_status]]></wp:meta_key>
			<wp:meta_value><![CDATA[true]]></wp:meta_value>
		</wp:postmeta>
		<wp:postmeta>
			<wp:meta_key><![CDATA[_wpb_vc_js_interface_version]]></wp:meta_key>
			<wp:meta_value><![CDATA[0]]></wp:meta_value>
		</wp:postmeta>
		<wp:postmeta>
			<wp:meta_key><![CDATA[vc_teaser]]></wp:meta_key>
			<wp:meta_value><![CDATA[a:2:{s:4:"data";s:115:"[{"name":"title","link":"post"},{"name":"image","image":"featured","link":"none"},{"name":"text","mode":"excerpt"}]";s:7:"bgcolor";s:0:"";}]]></wp:meta_value>
		</wp:postmeta>
		<wp:postmeta>
			<wp:meta_key><![CDATA[_wpb_shortcodes_custom_css]]></wp:meta_key>
			<wp:meta_value><![CDATA[.vc_custom_1419825856635{margin-top: 15px !important;margin-bottom: 20px !important;}.vc_custom_1422873323139{padding-top: 40px !important;padding-bottom: 40px !important;}.vc_custom_1418615256584{margin-top: 60px !important;}.vc_custom_1422582053377{margin-top: 40px !important;}.vc_custom_1418626997498{margin-bottom: 20px !important;}]]></wp:meta_value>
		</wp:postmeta>
		<wp:postmeta>
			<wp:meta_key><![CDATA[_wpb_vc_js_status]]></wp:meta_key>
			<wp:meta_value><![CDATA[true]]></wp:meta_value>
		</wp:postmeta>
		<wp:postmeta>
			<wp:meta_key><![CDATA[_wpb_vc_js_interface_version]]></wp:meta_key>
			<wp:meta_value><![CDATA[0]]></wp:meta_value>
		</wp:postmeta>
		<wp:postmeta>
			<wp:meta_key><![CDATA[vc_teaser]]></wp:meta_key>
			<wp:meta_value><![CDATA[a:2:{s:4:"data";s:115:"[{"name":"title","link":"post"},{"name":"image","image":"featured","link":"none"},{"name":"text","mode":"excerpt"}]";s:7:"bgcolor";s:0:"";}]]></wp:meta_value>
		</wp:postmeta>
		<wp:postmeta>
			<wp:meta_key><![CDATA[rate_review]]></wp:meta_key>
			<wp:meta_value><![CDATA[0]]></wp:meta_value>
		</wp:postmeta>
		<wp:postmeta>
			<wp:meta_key><![CDATA[_alp_processed]]></wp:meta_key>
			<wp:meta_value><![CDATA[1423021086]]></wp:meta_value>
		</wp:postmeta>
		<wp:postmeta>
			<wp:meta_key><![CDATA[st_type_layout]]></wp:meta_key>
			<wp:meta_value><![CDATA[st_hotel]]></wp:meta_value>
		</wp:postmeta>
		<wp:postmeta>
			<wp:meta_key><![CDATA[_vc_post_settings]]></wp:meta_key>
			<wp:meta_value><![CDATA[a:1:{s:10:"vc_grid_id";a:0:{}}]]></wp:meta_value>
		</wp:postmeta>
		<wp:postmeta>
			<wp:meta_key><![CDATA[layout_size]]></wp:meta_key>
			<wp:meta_value><![CDATA[container]]></wp:meta_value>
		</wp:postmeta>
		<wp:postmeta>
			<wp:meta_key><![CDATA[is_breadcrumb]]></wp:meta_key>
			<wp:meta_value><![CDATA[on]]></wp:meta_value>
		</wp:postmeta>
		<wp:postmeta>
			<wp:meta_key><![CDATA[_edit_last]]></wp:meta_key>
			<wp:meta_value><![CDATA[1]]></wp:meta_value>
		</wp:postmeta>
		<wp:postmeta>
			<wp:meta_key><![CDATA[min_price]]></wp:meta_key>
			<wp:meta_value><![CDATA[]]></wp:meta_value>
		</wp:postmeta>
	</item>
	<item>
		<title>Single Hotel - Layout 2</title>
		<link>http://shinetheme.com/demosd/traveler/hotel/st_layouts/single-hotel-layout-2/</link>
		<pubDate>Tue, 16 Dec 2014 02:04:27 +0000</pubDate>
		<dc:creator><![CDATA[admin]]></dc:creator>
		<guid isPermaLink="false">http://traveler.shinethemedev.com/wordpress/?post_type=st_layouts&#038;p=598</guid>
		<description></description>
		<content:encoded><![CDATA[[vc_row css=".vc_custom_1419825867745{margin-top: 15px !important;margin-bottom: 20px !important;}"][vc_column width="3/4"][st_hotel_header][st_hotel_star][/vc_column][vc_column width="1/4"][st_hotel_price][/vc_column][/vc_row][vc_row][vc_column width="1/2"][vc_tta_tabs][vc_tta_section add_icon="true"  i_icon_fontawesome = "fa fa-camera" title="Photos" tab_id="1418609998892-1-5"][st_hotel_detail_photo style="grid"][/vc_tta_section][vc_tta_section add_icon="true"  i_icon_fontawesome = "fa fa-map-marker" title="On the Map" tab_id="1418376646-2-22"][st_hotel_detail_map][/vc_tta_section][vc_tta_section title="Video" tab_id="1438831966092-2-8"][st_hotel_video][/vc_tta_section][vc_tta_section title="Hotel Policy" tab_id="1445827388477-3-6"][st_hotel_policy][/vc_tta_section][/vc_tta_tabs][/vc_column][vc_column width="1/2" css=".vc_custom_1422583622391{margin-top: 40px !important;}"][st_hotel_detail_review_summary][st_hotel_detail_review_detail][vc_empty_space][st_hotel_detail_card_accept][/vc_column][/vc_row][vc_row css=".vc_custom_1418615256584{margin-top: 60px !important;}"][vc_column][vc_row_inner][vc_column_inner width="3/4"][vc_column_text]
<h3>Available Rooms</h3>
[/vc_column_text][st_hotel_detail_search_room][st_hotel_detail_list_rooms][/vc_column_inner][vc_column_inner width="1/4"][st_hotel_logo title="About Hotel" font_size="3"][st_post_data field="excerpt"][st_hotel_detail_attribute][/vc_column_inner][/vc_row_inner][/vc_column][/vc_row][vc_row][vc_column][vc_row_inner][vc_column_inner width="2/3"][vc_column_text css=".vc_custom_1418626997498{margin-bottom: 20px !important;}"]
<h3>Hotel Reviews</h3>
[/vc_column_text][st_hotel_review][/vc_column_inner][vc_column_inner width="1/3"][st_hotel_nearby title="Hotel Nearby" font_size="3"][/vc_column_inner][/vc_row_inner][/vc_column][/vc_row]]]></content:encoded>
		<excerpt:encoded><![CDATA[]]></excerpt:encoded>
		<wp:post_id>598</wp:post_id>
		<wp:post_date><![CDATA[2014-12-16 02:04:27]]></wp:post_date>
		<wp:post_date_gmt><![CDATA[2014-12-16 02:04:27]]></wp:post_date_gmt>
		<wp:comment_status><![CDATA[closed]]></wp:comment_status>
		<wp:ping_status><![CDATA[closed]]></wp:ping_status>
		<wp:post_name><![CDATA[single-hotel-layout-2]]></wp:post_name>
		<wp:status><![CDATA[publish]]></wp:status>
		<wp:post_parent>0</wp:post_parent>
		<wp:menu_order>0</wp:menu_order>
		<wp:post_type><![CDATA[st_layouts]]></wp:post_type>
		<wp:post_password><![CDATA[]]></wp:post_password>
		<wp:is_sticky>0</wp:is_sticky>
		<wp:postmeta>
			<wp:meta_key><![CDATA[rate_review]]></wp:meta_key>
			<wp:meta_value><![CDATA[0]]></wp:meta_value>
		</wp:postmeta>
		<wp:postmeta>
			<wp:meta_key><![CDATA[_wpb_shortcodes_custom_css]]></wp:meta_key>
			<wp:meta_value><![CDATA[.vc_custom_1419825867745{margin-top: 15px !important;margin-bottom: 20px !important;}.vc_custom_1418615256584{margin-top: 60px !important;}.vc_custom_1422583622391{margin-top: 40px !important;}.vc_custom_1418626997498{margin-bottom: 20px !important;}]]></wp:meta_value>
		</wp:postmeta>
		<wp:postmeta>
			<wp:meta_key><![CDATA[_wpb_vc_js_status]]></wp:meta_key>
			<wp:meta_value><![CDATA[true]]></wp:meta_value>
		</wp:postmeta>
		<wp:postmeta>
			<wp:meta_key><![CDATA[_wpb_vc_js_interface_version]]></wp:meta_key>
			<wp:meta_value><![CDATA[0]]></wp:meta_value>
		</wp:postmeta>
		<wp:postmeta>
			<wp:meta_key><![CDATA[vc_teaser]]></wp:meta_key>
			<wp:meta_value><![CDATA[a:2:{s:4:"data";s:115:"[{"name":"title","link":"post"},{"name":"image","image":"featured","link":"none"},{"name":"text","mode":"excerpt"}]";s:7:"bgcolor";s:0:"";}]]></wp:meta_value>
		</wp:postmeta>
		<wp:postmeta>
			<wp:meta_key><![CDATA[_dp_original]]></wp:meta_key>
			<wp:meta_value><![CDATA[597]]></wp:meta_value>
		</wp:postmeta>
		<wp:postmeta>
			<wp:meta_key><![CDATA[rate_review]]></wp:meta_key>
			<wp:meta_value><![CDATA[0]]></wp:meta_value>
		</wp:postmeta>
		<wp:postmeta>
			<wp:meta_key><![CDATA[_alp_processed]]></wp:meta_key>
			<wp:meta_value><![CDATA[1422583621]]></wp:meta_value>
		</wp:postmeta>
		<wp:postmeta>
			<wp:meta_key><![CDATA[st_type_layout]]></wp:meta_key>
			<wp:meta_value><![CDATA[st_hotel]]></wp:meta_value>
		</wp:postmeta>
		<wp:postmeta>
			<wp:meta_key><![CDATA[_vc_post_settings]]></wp:meta_key>
			<wp:meta_value><![CDATA[a:1:{s:10:"vc_grid_id";a:0:{}}]]></wp:meta_value>
		</wp:postmeta>
		<wp:postmeta>
			<wp:meta_key><![CDATA[layout_size]]></wp:meta_key>
			<wp:meta_value><![CDATA[container]]></wp:meta_value>
		</wp:postmeta>
		<wp:postmeta>
			<wp:meta_key><![CDATA[is_breadcrumb]]></wp:meta_key>
			<wp:meta_value><![CDATA[on]]></wp:meta_value>
		</wp:postmeta>
		<wp:postmeta>
			<wp:meta_key><![CDATA[_edit_last]]></wp:meta_key>
			<wp:meta_value><![CDATA[1]]></wp:meta_value>
		</wp:postmeta>
		<wp:postmeta>
			<wp:meta_key><![CDATA[min_price]]></wp:meta_key>
			<wp:meta_value><![CDATA[]]></wp:meta_value>
		</wp:postmeta>
	</item>
	<item>
		<title>Single Hotel - Layout 3</title>
		<link>http://shinetheme.com/demosd/traveler/hotel/st_layouts/single-hotel-layout-3/</link>
		<pubDate>Tue, 16 Dec 2014 02:09:22 +0000</pubDate>
		<dc:creator><![CDATA[admin]]></dc:creator>
		<guid isPermaLink="false">http://traveler.shinethemedev.com/wordpress/?post_type=st_layouts&#038;p=600</guid>
		<description></description>
		<content:encoded><![CDATA[[vc_row css=".vc_custom_1419826017096{margin-top: 15px !important;margin-bottom: 20px !important;}"][vc_column width="3/4"][st_hotel_header][/vc_column][vc_column width="1/4"][st_hotel_price][/vc_column][/vc_row][vc_row][vc_column width="2/3"][vc_tta_tabs][vc_tta_section tab_icon="fa-camera" title="Photos" tab_id="1418609998892-1-5"][st_hotel_detail_photo style="grid"][/vc_tta_section][vc_tta_section tab_icon="fa-map-marker" title="On the Map" tab_id="1418376646-2-22"][st_hotel_detail_map][/vc_tta_section][vc_tta_section title="Hotel Policy" tab_id="1445827448655-4-6"][st_hotel_policy][/vc_tta_section][vc_tta_section tab_icon="fa-signal" title="Rating" tab_id="1418695783214-2-1"][st_hotel_detail_review_detail][/vc_tta_section][vc_tta_section tab_icon="fa-asterisk" title="Facilities" tab_id="1418695826675-3-8"][vc_empty_space height="10px"][st_hotel_detail_attribute][/vc_tta_section][/vc_tta_tabs][/vc_column][vc_column width="1/3" css=".vc_custom_1422582288009{margin-top: 40px !important;}"][st_hotel_detail_review_summary][st_post_data title="About" font_size="3" field="excerpt"][st_hotel_logo][/vc_column][/vc_row][vc_row css=".vc_custom_1418615256584{margin-top: 60px !important;}"][vc_column][vc_row_inner][vc_column_inner width="2/3"][vc_column_text]
<h3>Available Rooms</h3>
[/vc_column_text][st_hotel_detail_search_room][st_hotel_detail_list_rooms][/vc_column_inner][vc_column_inner width="1/3"][st_hotel_nearby title="Hotel Nearby" font_size="3"][/vc_column_inner][/vc_row_inner][/vc_column][/vc_row][vc_row][vc_column][vc_row_inner][vc_column_inner width="2/3"][st_hotel_review title="Hotel Review" font_size="2"][/vc_column_inner][vc_column_inner width="1/3"][/vc_column_inner][/vc_row_inner][/vc_column][/vc_row]]]></content:encoded>
		<excerpt:encoded><![CDATA[]]></excerpt:encoded>
		<wp:post_id>600</wp:post_id>
		<wp:post_date><![CDATA[2014-12-16 02:09:22]]></wp:post_date>
		<wp:post_date_gmt><![CDATA[2014-12-16 02:09:22]]></wp:post_date_gmt>
		<wp:comment_status><![CDATA[closed]]></wp:comment_status>
		<wp:ping_status><![CDATA[closed]]></wp:ping_status>
		<wp:post_name><![CDATA[single-hotel-layout-3]]></wp:post_name>
		<wp:status><![CDATA[publish]]></wp:status>
		<wp:post_parent>0</wp:post_parent>
		<wp:menu_order>0</wp:menu_order>
		<wp:post_type><![CDATA[st_layouts]]></wp:post_type>
		<wp:post_password><![CDATA[]]></wp:post_password>
		<wp:is_sticky>0</wp:is_sticky>
		<wp:postmeta>
			<wp:meta_key><![CDATA[rate_review]]></wp:meta_key>
			<wp:meta_value><![CDATA[0]]></wp:meta_value>
		</wp:postmeta>
		<wp:postmeta>
			<wp:meta_key><![CDATA[_wpb_shortcodes_custom_css]]></wp:meta_key>
			<wp:meta_value><![CDATA[.vc_custom_1419826017096{margin-top: 15px !important;margin-bottom: 20px !important;}.vc_custom_1418615256584{margin-top: 60px !important;}.vc_custom_1422582288009{margin-top: 40px !important;}]]></wp:meta_value>
		</wp:postmeta>
		<wp:postmeta>
			<wp:meta_key><![CDATA[_wpb_vc_js_status]]></wp:meta_key>
			<wp:meta_value><![CDATA[true]]></wp:meta_value>
		</wp:postmeta>
		<wp:postmeta>
			<wp:meta_key><![CDATA[_wpb_vc_js_interface_version]]></wp:meta_key>
			<wp:meta_value><![CDATA[0]]></wp:meta_value>
		</wp:postmeta>
		<wp:postmeta>
			<wp:meta_key><![CDATA[vc_teaser]]></wp:meta_key>
			<wp:meta_value><![CDATA[a:2:{s:4:"data";s:115:"[{"name":"title","link":"post"},{"name":"image","image":"featured","link":"none"},{"name":"text","mode":"excerpt"}]";s:7:"bgcolor";s:0:"";}]]></wp:meta_value>
		</wp:postmeta>
		<wp:postmeta>
			<wp:meta_key><![CDATA[_dp_original]]></wp:meta_key>
			<wp:meta_value><![CDATA[598]]></wp:meta_value>
		</wp:postmeta>
		<wp:postmeta>
			<wp:meta_key><![CDATA[rate_review]]></wp:meta_key>
			<wp:meta_value><![CDATA[0]]></wp:meta_value>
		</wp:postmeta>
		<wp:postmeta>
			<wp:meta_key><![CDATA[_alp_processed]]></wp:meta_key>
			<wp:meta_value><![CDATA[1423471241]]></wp:meta_value>
		</wp:postmeta>
		<wp:postmeta>
			<wp:meta_key><![CDATA[st_type_layout]]></wp:meta_key>
			<wp:meta_value><![CDATA[st_hotel]]></wp:meta_value>
		</wp:postmeta>
		<wp:postmeta>
			<wp:meta_key><![CDATA[_vc_post_settings]]></wp:meta_key>
			<wp:meta_value><![CDATA[a:1:{s:10:"vc_grid_id";a:0:{}}]]></wp:meta_value>
		</wp:postmeta>
		<wp:postmeta>
			<wp:meta_key><![CDATA[layout_size]]></wp:meta_key>
			<wp:meta_value><![CDATA[container]]></wp:meta_value>
		</wp:postmeta>
		<wp:postmeta>
			<wp:meta_key><![CDATA[is_breadcrumb]]></wp:meta_key>
			<wp:meta_value><![CDATA[on]]></wp:meta_value>
		</wp:postmeta>
		<wp:postmeta>
			<wp:meta_key><![CDATA[_edit_last]]></wp:meta_key>
			<wp:meta_value><![CDATA[1]]></wp:meta_value>
		</wp:postmeta>
		<wp:postmeta>
			<wp:meta_key><![CDATA[min_price]]></wp:meta_key>
			<wp:meta_value><![CDATA[]]></wp:meta_value>
		</wp:postmeta>
	</item>
	<item>
		<title>Single Hotel - Layout 4</title>
		<link>http://shinetheme.com/demosd/traveler/hotel/st_layouts/single-hotel-layout-4/</link>
		<pubDate>Tue, 16 Dec 2014 02:31:57 +0000</pubDate>
		<dc:creator><![CDATA[admin]]></dc:creator>
		<guid isPermaLink="false">http://traveler.shinethemedev.com/wordpress/?post_type=st_layouts&#038;p=603</guid>
		<description></description>
		<content:encoded><![CDATA[[vc_row css=".vc_custom_1419826115632{margin-top: 15px !important;margin-bottom: 20px !important;}"][vc_column width="3/4"][st_hotel_header][/vc_column][vc_column width="1/4"][st_hotel_price][/vc_column][/vc_row][vc_row][vc_column width="2/3"][vc_tta_tabs][vc_tta_section add_icon="true"  i_icon_fontawesome = "fa fa-camera" title="Photos" tab_id="1418609998892-1-5"][st_hotel_detail_photo style="grid"][/vc_tta_section][vc_tta_section add_icon="true"  i_icon_fontawesome = "fa fa-info-circle" title="About" tab_id="1418697630286-4-7"][st_hotel_logo][st_post_data field="content"][/vc_tta_section][vc_tta_section title="Policy" tab_id="1445827490246-6-6"][st_hotel_policy][/vc_tta_section][vc_tta_section add_icon="true"  i_icon_fontawesome = "fa fa-map-marker" title="On the Map" tab_id="1418376646-2-22"][st_hotel_detail_map][/vc_tta_section][vc_tta_section add_icon="true"  i_icon_fontawesome = "fa fa-signal" title="Rating" tab_id="1418695783214-2-1"][st_hotel_detail_review_detail][/vc_tta_section][vc_tta_section add_icon="true"  i_icon_fontawesome = "fa fa-asterisk" title="Facilities" tab_id="1418695826675-3-8"][vc_empty_space height="10px"][st_hotel_detail_attribute][/vc_tta_section][vc_tta_section add_icon="true"  i_icon_fontawesome = "fa fa-comments" title="Reviews" tab_id="1418697843075-5-10"][st_hotel_add_review][st_hotel_review][/vc_tta_section][/vc_tta_tabs][/vc_column][vc_column width="1/3" css=".vc_custom_1422582434731{margin-top: 40px !important;}"][st_hotel_detail_review_summary][/vc_column][/vc_row][vc_row css=".vc_custom_1418615256584{margin-top: 60px !important;}"][vc_column][vc_column_text]
<h3>Available Rooms</h3>
[/vc_column_text][st_hotel_room_calendar][vc_row_inner][vc_column_inner width="2/3"][st_hotel_detail_list_rooms][/vc_column_inner][vc_column_inner width="1/3"][st_hotel_detail_search_room][/vc_column_inner][/vc_row_inner][/vc_column][/vc_row]]]></content:encoded>
		<excerpt:encoded><![CDATA[]]></excerpt:encoded>
		<wp:post_id>603</wp:post_id>
		<wp:post_date><![CDATA[2014-12-16 02:31:57]]></wp:post_date>
		<wp:post_date_gmt><![CDATA[2014-12-16 02:31:57]]></wp:post_date_gmt>
		<wp:comment_status><![CDATA[closed]]></wp:comment_status>
		<wp:ping_status><![CDATA[closed]]></wp:ping_status>
		<wp:post_name><![CDATA[single-hotel-layout-4]]></wp:post_name>
		<wp:status><![CDATA[publish]]></wp:status>
		<wp:post_parent>0</wp:post_parent>
		<wp:menu_order>0</wp:menu_order>
		<wp:post_type><![CDATA[st_layouts]]></wp:post_type>
		<wp:post_password><![CDATA[]]></wp:post_password>
		<wp:is_sticky>0</wp:is_sticky>
		<wp:postmeta>
			<wp:meta_key><![CDATA[rate_review]]></wp:meta_key>
			<wp:meta_value><![CDATA[0]]></wp:meta_value>
		</wp:postmeta>
		<wp:postmeta>
			<wp:meta_key><![CDATA[_wpb_shortcodes_custom_css]]></wp:meta_key>
			<wp:meta_value><![CDATA[.vc_custom_1419826115632{margin-top: 15px !important;margin-bottom: 20px !important;}.vc_custom_1418615256584{margin-top: 60px !important;}.vc_custom_1422582434731{margin-top: 40px !important;}]]></wp:meta_value>
		</wp:postmeta>
		<wp:postmeta>
			<wp:meta_key><![CDATA[_wpb_vc_js_status]]></wp:meta_key>
			<wp:meta_value><![CDATA[true]]></wp:meta_value>
		</wp:postmeta>
		<wp:postmeta>
			<wp:meta_key><![CDATA[_wpb_vc_js_interface_version]]></wp:meta_key>
			<wp:meta_value><![CDATA[0]]></wp:meta_value>
		</wp:postmeta>
		<wp:postmeta>
			<wp:meta_key><![CDATA[vc_teaser]]></wp:meta_key>
			<wp:meta_value><![CDATA[a:2:{s:4:"data";s:115:"[{"name":"title","link":"post"},{"name":"image","image":"featured","link":"none"},{"name":"text","mode":"excerpt"}]";s:7:"bgcolor";s:0:"";}]]></wp:meta_value>
		</wp:postmeta>
		<wp:postmeta>
			<wp:meta_key><![CDATA[_dp_original]]></wp:meta_key>
			<wp:meta_value><![CDATA[600]]></wp:meta_value>
		</wp:postmeta>
		<wp:postmeta>
			<wp:meta_key><![CDATA[post_views_count]]></wp:meta_key>
			<wp:meta_value><![CDATA[]]></wp:meta_value>
		</wp:postmeta>
		<wp:postmeta>
			<wp:meta_key><![CDATA[rate_review]]></wp:meta_key>
			<wp:meta_value><![CDATA[0]]></wp:meta_value>
		</wp:postmeta>
		<wp:postmeta>
			<wp:meta_key><![CDATA[_alp_processed]]></wp:meta_key>
			<wp:meta_value><![CDATA[1423471575]]></wp:meta_value>
		</wp:postmeta>
		<wp:postmeta>
			<wp:meta_key><![CDATA[st_type_layout]]></wp:meta_key>
			<wp:meta_value><![CDATA[st_hotel]]></wp:meta_value>
		</wp:postmeta>
		<wp:postmeta>
			<wp:meta_key><![CDATA[_vc_post_settings]]></wp:meta_key>
			<wp:meta_value><![CDATA[a:1:{s:10:"vc_grid_id";a:0:{}}]]></wp:meta_value>
		</wp:postmeta>
		<wp:postmeta>
			<wp:meta_key><![CDATA[layout_size]]></wp:meta_key>
			<wp:meta_value><![CDATA[container]]></wp:meta_value>
		</wp:postmeta>
		<wp:postmeta>
			<wp:meta_key><![CDATA[is_breadcrumb]]></wp:meta_key>
			<wp:meta_value><![CDATA[on]]></wp:meta_value>
		</wp:postmeta>
		<wp:postmeta>
			<wp:meta_key><![CDATA[_edit_last]]></wp:meta_key>
			<wp:meta_value><![CDATA[1]]></wp:meta_value>
		</wp:postmeta>
		<wp:postmeta>
			<wp:meta_key><![CDATA[min_price]]></wp:meta_key>
			<wp:meta_value><![CDATA[]]></wp:meta_value>
		</wp:postmeta>
	</item>
	<item>
		<title>Search Hotel Layout 2</title>
		<link>http://shinetheme.com/demosd/traveler/hotel/st_layouts/search-hotel-layout-2/</link>
		<pubDate>Wed, 24 Dec 2014 08:03:59 +0000</pubDate>
		<dc:creator><![CDATA[admin]]></dc:creator>
		<guid isPermaLink="false">http://traveler.shinethemedev.com/wordpress/?post_type=st_layouts&#038;p=705</guid>
		<description></description>
		<content:encoded><![CDATA[[vc_row][vc_column][vc_column_text][st_search_hotel_title][/vc_column_text][/vc_column][/vc_row][vc_row][vc_column width="1/4" el_class="col-sm2-5"][vc_widget_sidebar sidebar_id="hotel-sidebar"][/vc_column][vc_column width="3/4" el_class="col-sm2-7"][st_search_hotel_result style="grid"][/vc_column][/vc_row]]]></content:encoded>
		<excerpt:encoded><![CDATA[]]></excerpt:encoded>
		<wp:post_id>705</wp:post_id>
		<wp:post_date><![CDATA[2014-12-24 08:03:59]]></wp:post_date>
		<wp:post_date_gmt><![CDATA[2014-12-24 08:03:59]]></wp:post_date_gmt>
		<wp:comment_status><![CDATA[closed]]></wp:comment_status>
		<wp:ping_status><![CDATA[closed]]></wp:ping_status>
		<wp:post_name><![CDATA[search-hotel-layout-2]]></wp:post_name>
		<wp:status><![CDATA[publish]]></wp:status>
		<wp:post_parent>0</wp:post_parent>
		<wp:menu_order>0</wp:menu_order>
		<wp:post_type><![CDATA[st_layouts]]></wp:post_type>
		<wp:post_password><![CDATA[]]></wp:post_password>
		<wp:is_sticky>0</wp:is_sticky>
		<wp:postmeta>
			<wp:meta_key><![CDATA[rate_review]]></wp:meta_key>
			<wp:meta_value><![CDATA[0]]></wp:meta_value>
		</wp:postmeta>
		<wp:postmeta>
			<wp:meta_key><![CDATA[_wpb_vc_js_status]]></wp:meta_key>
			<wp:meta_value><![CDATA[true]]></wp:meta_value>
		</wp:postmeta>
		<wp:postmeta>
			<wp:meta_key><![CDATA[_wpb_vc_js_interface_version]]></wp:meta_key>
			<wp:meta_value><![CDATA[2]]></wp:meta_value>
		</wp:postmeta>
		<wp:postmeta>
			<wp:meta_key><![CDATA[vc_teaser]]></wp:meta_key>
			<wp:meta_value><![CDATA[a:2:{s:4:"data";s:115:"[{"name":"title","link":"post"},{"name":"image","image":"featured","link":"none"},{"name":"text","mode":"excerpt"}]";s:7:"bgcolor";s:0:"";}]]></wp:meta_value>
		</wp:postmeta>
		<wp:postmeta>
			<wp:meta_key><![CDATA[rate_review]]></wp:meta_key>
			<wp:meta_value><![CDATA[0]]></wp:meta_value>
		</wp:postmeta>
		<wp:postmeta>
			<wp:meta_key><![CDATA[st_type_layout]]></wp:meta_key>
			<wp:meta_value><![CDATA[st_hotel_search]]></wp:meta_value>
		</wp:postmeta>
		<wp:postmeta>
			<wp:meta_key><![CDATA[_vc_post_settings]]></wp:meta_key>
			<wp:meta_value><![CDATA[a:1:{s:10:"vc_grid_id";a:0:{}}]]></wp:meta_value>
		</wp:postmeta>
		<wp:postmeta>
			<wp:meta_key><![CDATA[layout_size]]></wp:meta_key>
			<wp:meta_value><![CDATA[container]]></wp:meta_value>
		</wp:postmeta>
		<wp:postmeta>
			<wp:meta_key><![CDATA[is_breadcrumb]]></wp:meta_key>
			<wp:meta_value><![CDATA[on]]></wp:meta_value>
		</wp:postmeta>
		<wp:postmeta>
			<wp:meta_key><![CDATA[_edit_last]]></wp:meta_key>
			<wp:meta_value><![CDATA[1]]></wp:meta_value>
		</wp:postmeta>
	</item>
	<item>
		<title>Search Hotel Layout 3</title>
		<link>http://shinetheme.com/demosd/traveler/hotel/st_layouts/search-hotel-layout-3/</link>
		<pubDate>Wed, 24 Dec 2014 08:59:41 +0000</pubDate>
		<dc:creator><![CDATA[admin]]></dc:creator>
		<guid isPermaLink="false">http://traveler.shinethemedev.com/wordpress/?post_type=st_layouts&#038;p=708</guid>
		<description></description>
		<content:encoded><![CDATA[[vc_row css=".vc_custom_1419417667101{margin-bottom: 25px !important;}"][vc_column][vc_column_text][st_search_hotel_title search_modal=0][/vc_column_text][/vc_column][/vc_row][vc_row css=".vc_custom_1419412161778{margin-bottom: 40px !important;}"][vc_column][st_single_search st_list_form="hotel" st_direction="horizontal" st_style_search="style_1" st_box_shadow="yes"][/vc_column][/vc_row][vc_row][vc_column width="1/4" el_class="col-sm2-5"][vc_widget_sidebar sidebar_id="hotel-sidebar"][/vc_column][vc_column width="3/4" el_class="col-sm2-7"][st_search_hotel_result][/vc_column][/vc_row]]]></content:encoded>
		<excerpt:encoded><![CDATA[]]></excerpt:encoded>
		<wp:post_id>708</wp:post_id>
		<wp:post_date><![CDATA[2014-12-24 08:59:41]]></wp:post_date>
		<wp:post_date_gmt><![CDATA[2014-12-24 08:59:41]]></wp:post_date_gmt>
		<wp:comment_status><![CDATA[closed]]></wp:comment_status>
		<wp:ping_status><![CDATA[closed]]></wp:ping_status>
		<wp:post_name><![CDATA[search-hotel-layout-3]]></wp:post_name>
		<wp:status><![CDATA[publish]]></wp:status>
		<wp:post_parent>0</wp:post_parent>
		<wp:menu_order>0</wp:menu_order>
		<wp:post_type><![CDATA[st_layouts]]></wp:post_type>
		<wp:post_password><![CDATA[]]></wp:post_password>
		<wp:is_sticky>0</wp:is_sticky>
		<wp:postmeta>
			<wp:meta_key><![CDATA[rate_review]]></wp:meta_key>
			<wp:meta_value><![CDATA[0]]></wp:meta_value>
		</wp:postmeta>
		<wp:postmeta>
			<wp:meta_key><![CDATA[_wpb_vc_js_status]]></wp:meta_key>
			<wp:meta_value><![CDATA[true]]></wp:meta_value>
		</wp:postmeta>
		<wp:postmeta>
			<wp:meta_key><![CDATA[_wpb_vc_js_interface_version]]></wp:meta_key>
			<wp:meta_value><![CDATA[2]]></wp:meta_value>
		</wp:postmeta>
		<wp:postmeta>
			<wp:meta_key><![CDATA[vc_teaser]]></wp:meta_key>
			<wp:meta_value><![CDATA[a:2:{s:4:"data";s:115:"[{"name":"title","link":"post"},{"name":"image","image":"featured","link":"none"},{"name":"text","mode":"excerpt"}]";s:7:"bgcolor";s:0:"";}]]></wp:meta_value>
		</wp:postmeta>
		<wp:postmeta>
			<wp:meta_key><![CDATA[_dp_original]]></wp:meta_key>
			<wp:meta_value><![CDATA[705]]></wp:meta_value>
		</wp:postmeta>
		<wp:postmeta>
			<wp:meta_key><![CDATA[_wpb_shortcodes_custom_css]]></wp:meta_key>
			<wp:meta_value><![CDATA[.vc_custom_1419417667101{margin-bottom: 25px !important;}.vc_custom_1419412161778{margin-bottom: 40px !important;}]]></wp:meta_value>
		</wp:postmeta>
		<wp:postmeta>
			<wp:meta_key><![CDATA[rate_review]]></wp:meta_key>
			<wp:meta_value><![CDATA[0]]></wp:meta_value>
		</wp:postmeta>
		<wp:postmeta>
			<wp:meta_key><![CDATA[st_type_layout]]></wp:meta_key>
			<wp:meta_value><![CDATA[st_hotel_search]]></wp:meta_value>
		</wp:postmeta>
		<wp:postmeta>
			<wp:meta_key><![CDATA[_vc_post_settings]]></wp:meta_key>
			<wp:meta_value><![CDATA[a:1:{s:10:"vc_grid_id";a:0:{}}]]></wp:meta_value>
		</wp:postmeta>
		<wp:postmeta>
			<wp:meta_key><![CDATA[layout_size]]></wp:meta_key>
			<wp:meta_value><![CDATA[container]]></wp:meta_value>
		</wp:postmeta>
		<wp:postmeta>
			<wp:meta_key><![CDATA[is_breadcrumb]]></wp:meta_key>
			<wp:meta_value><![CDATA[on]]></wp:meta_value>
		</wp:postmeta>
		<wp:postmeta>
			<wp:meta_key><![CDATA[_edit_last]]></wp:meta_key>
			<wp:meta_value><![CDATA[1]]></wp:meta_value>
		</wp:postmeta>
	</item>
	<item>
		<title>Search Hotel Layout 4</title>
		<link>http://shinetheme.com/demosd/traveler/hotel/st_layouts/search-hotel-layout-4/</link>
		<pubDate>Wed, 24 Dec 2014 10:42:07 +0000</pubDate>
		<dc:creator><![CDATA[admin]]></dc:creator>
		<guid isPermaLink="false">http://traveler.shinethemedev.com/wordpress/?post_type=st_layouts&#038;p=933</guid>
		<description></description>
		<content:encoded><![CDATA[[vc_row css=".vc_custom_1419417667101{margin-bottom: 25px !important;}"][vc_column][vc_column_text][st_search_hotel_title][/vc_column_text][/vc_column][/vc_row][vc_row][vc_column width="1/4" el_class="col-sm2-5"][vc_widget_sidebar sidebar_id="hotel-sidebar-2" el_class="booking-filters-white"][/vc_column][vc_column width="3/4" el_class="col-sm2-7"][st_search_hotel_result][/vc_column][/vc_row]]]></content:encoded>
		<excerpt:encoded><![CDATA[]]></excerpt:encoded>
		<wp:post_id>933</wp:post_id>
		<wp:post_date><![CDATA[2014-12-24 10:42:07]]></wp:post_date>
		<wp:post_date_gmt><![CDATA[2014-12-24 10:42:07]]></wp:post_date_gmt>
		<wp:comment_status><![CDATA[closed]]></wp:comment_status>
		<wp:ping_status><![CDATA[closed]]></wp:ping_status>
		<wp:post_name><![CDATA[search-hotel-layout-4]]></wp:post_name>
		<wp:status><![CDATA[publish]]></wp:status>
		<wp:post_parent>0</wp:post_parent>
		<wp:menu_order>0</wp:menu_order>
		<wp:post_type><![CDATA[st_layouts]]></wp:post_type>
		<wp:post_password><![CDATA[]]></wp:post_password>
		<wp:is_sticky>0</wp:is_sticky>
		<wp:postmeta>
			<wp:meta_key><![CDATA[rate_review]]></wp:meta_key>
			<wp:meta_value><![CDATA[0]]></wp:meta_value>
		</wp:postmeta>
		<wp:postmeta>
			<wp:meta_key><![CDATA[rate_review]]></wp:meta_key>
			<wp:meta_value><![CDATA[0]]></wp:meta_value>
		</wp:postmeta>
		<wp:postmeta>
			<wp:meta_key><![CDATA[_wpb_vc_js_status]]></wp:meta_key>
			<wp:meta_value><![CDATA[true]]></wp:meta_value>
		</wp:postmeta>
		<wp:postmeta>
			<wp:meta_key><![CDATA[_wpb_vc_js_interface_version]]></wp:meta_key>
			<wp:meta_value><![CDATA[2]]></wp:meta_value>
		</wp:postmeta>
		<wp:postmeta>
			<wp:meta_key><![CDATA[vc_teaser]]></wp:meta_key>
			<wp:meta_value><![CDATA[a:2:{s:4:"data";s:115:"[{"name":"title","link":"post"},{"name":"image","image":"featured","link":"none"},{"name":"text","mode":"excerpt"}]";s:7:"bgcolor";s:0:"";}]]></wp:meta_value>
		</wp:postmeta>
		<wp:postmeta>
			<wp:meta_key><![CDATA[_wpb_shortcodes_custom_css]]></wp:meta_key>
			<wp:meta_value><![CDATA[.vc_custom_1419417667101{margin-bottom: 25px !important;}]]></wp:meta_value>
		</wp:postmeta>
		<wp:postmeta>
			<wp:meta_key><![CDATA[rate_review]]></wp:meta_key>
			<wp:meta_value><![CDATA[0]]></wp:meta_value>
		</wp:postmeta>
		<wp:postmeta>
			<wp:meta_key><![CDATA[_dp_original]]></wp:meta_key>
			<wp:meta_value><![CDATA[708]]></wp:meta_value>
		</wp:postmeta>
		<wp:postmeta>
			<wp:meta_key><![CDATA[st_type_layout]]></wp:meta_key>
			<wp:meta_value><![CDATA[st_hotel_search]]></wp:meta_value>
		</wp:postmeta>
		<wp:postmeta>
			<wp:meta_key><![CDATA[_vc_post_settings]]></wp:meta_key>
			<wp:meta_value><![CDATA[a:1:{s:10:"vc_grid_id";a:0:{}}]]></wp:meta_value>
		</wp:postmeta>
		<wp:postmeta>
			<wp:meta_key><![CDATA[layout_size]]></wp:meta_key>
			<wp:meta_value><![CDATA[container]]></wp:meta_value>
		</wp:postmeta>
		<wp:postmeta>
			<wp:meta_key><![CDATA[is_breadcrumb]]></wp:meta_key>
			<wp:meta_value><![CDATA[on]]></wp:meta_value>
		</wp:postmeta>
		<wp:postmeta>
			<wp:meta_key><![CDATA[_edit_last]]></wp:meta_key>
			<wp:meta_value><![CDATA[1]]></wp:meta_value>
		</wp:postmeta>
	</item>
	<item>
		<title>Search Hotel Layout 5</title>
		<link>http://shinetheme.com/demosd/traveler/hotel/st_layouts/search-hotel-layout-5/</link>
		<pubDate>Wed, 24 Dec 2014 11:04:24 +0000</pubDate>
		<dc:creator><![CDATA[admin]]></dc:creator>
		<guid isPermaLink="false">http://traveler.shinethemedev.com/wordpress/?post_type=st_layouts&#038;p=936</guid>
		<description></description>
		<content:encoded><![CDATA[[vc_row css=".vc_custom_1419417667101{margin-bottom: 25px !important;}"][vc_column][vc_column_text][st_search_hotel_title][/vc_column_text][/vc_column][/vc_row][vc_row][vc_column width="1/4" el_class="col-sm2-5"][st_single_search st_list_form="hotel" st_direction="vertical" st_style_search="style_1" st_box_shadow="yes"][vc_widget_sidebar sidebar_id="hotel-sidebar" el_class="mt30"][/vc_column][vc_column width="3/4" el_class="col-sm2-7"][st_search_hotel_result][/vc_column][/vc_row]]]></content:encoded>
		<excerpt:encoded><![CDATA[]]></excerpt:encoded>
		<wp:post_id>936</wp:post_id>
		<wp:post_date><![CDATA[2014-12-24 11:04:24]]></wp:post_date>
		<wp:post_date_gmt><![CDATA[2014-12-24 11:04:24]]></wp:post_date_gmt>
		<wp:comment_status><![CDATA[closed]]></wp:comment_status>
		<wp:ping_status><![CDATA[closed]]></wp:ping_status>
		<wp:post_name><![CDATA[search-hotel-layout-5]]></wp:post_name>
		<wp:status><![CDATA[publish]]></wp:status>
		<wp:post_parent>0</wp:post_parent>
		<wp:menu_order>0</wp:menu_order>
		<wp:post_type><![CDATA[st_layouts]]></wp:post_type>
		<wp:post_password><![CDATA[]]></wp:post_password>
		<wp:is_sticky>0</wp:is_sticky>
		<wp:postmeta>
			<wp:meta_key><![CDATA[rate_review]]></wp:meta_key>
			<wp:meta_value><![CDATA[0]]></wp:meta_value>
		</wp:postmeta>
		<wp:postmeta>
			<wp:meta_key><![CDATA[rate_review]]></wp:meta_key>
			<wp:meta_value><![CDATA[0]]></wp:meta_value>
		</wp:postmeta>
		<wp:postmeta>
			<wp:meta_key><![CDATA[rate_review]]></wp:meta_key>
			<wp:meta_value><![CDATA[0]]></wp:meta_value>
		</wp:postmeta>
		<wp:postmeta>
			<wp:meta_key><![CDATA[rate_review]]></wp:meta_key>
			<wp:meta_value><![CDATA[0]]></wp:meta_value>
		</wp:postmeta>
		<wp:postmeta>
			<wp:meta_key><![CDATA[_wpb_vc_js_status]]></wp:meta_key>
			<wp:meta_value><![CDATA[true]]></wp:meta_value>
		</wp:postmeta>
		<wp:postmeta>
			<wp:meta_key><![CDATA[_wpb_vc_js_interface_version]]></wp:meta_key>
			<wp:meta_value><![CDATA[2]]></wp:meta_value>
		</wp:postmeta>
		<wp:postmeta>
			<wp:meta_key><![CDATA[vc_teaser]]></wp:meta_key>
			<wp:meta_value><![CDATA[a:2:{s:4:"data";s:115:"[{"name":"title","link":"post"},{"name":"image","image":"featured","link":"none"},{"name":"text","mode":"excerpt"}]";s:7:"bgcolor";s:0:"";}]]></wp:meta_value>
		</wp:postmeta>
		<wp:postmeta>
			<wp:meta_key><![CDATA[_wpb_shortcodes_custom_css]]></wp:meta_key>
			<wp:meta_value><![CDATA[.vc_custom_1419417667101{margin-bottom: 25px !important;}]]></wp:meta_value>
		</wp:postmeta>
		<wp:postmeta>
			<wp:meta_key><![CDATA[_dp_original]]></wp:meta_key>
			<wp:meta_value><![CDATA[933]]></wp:meta_value>
		</wp:postmeta>
		<wp:postmeta>
			<wp:meta_key><![CDATA[st_type_layout]]></wp:meta_key>
			<wp:meta_value><![CDATA[st_hotel_search]]></wp:meta_value>
		</wp:postmeta>
		<wp:postmeta>
			<wp:meta_key><![CDATA[_vc_post_settings]]></wp:meta_key>
			<wp:meta_value><![CDATA[a:1:{s:10:"vc_grid_id";a:0:{}}]]></wp:meta_value>
		</wp:postmeta>
		<wp:postmeta>
			<wp:meta_key><![CDATA[layout_size]]></wp:meta_key>
			<wp:meta_value><![CDATA[container]]></wp:meta_value>
		</wp:postmeta>
		<wp:postmeta>
			<wp:meta_key><![CDATA[is_breadcrumb]]></wp:meta_key>
			<wp:meta_value><![CDATA[on]]></wp:meta_value>
		</wp:postmeta>
		<wp:postmeta>
			<wp:meta_key><![CDATA[_edit_last]]></wp:meta_key>
			<wp:meta_value><![CDATA[1]]></wp:meta_value>
		</wp:postmeta>
	</item>
	<item>
		<title>Layout room hotel 1</title>
		<link>http://shinetheme.com/demosd/traveler/hotel/st_layouts/layout-room-hotel-1/</link>
		<pubDate>Wed, 28 Oct 2015 09:17:37 +0000</pubDate>
		<dc:creator><![CDATA[admin]]></dc:creator>
		<guid isPermaLink="false">http://travelerdata.wpengine.com/?post_type=st_layouts&#038;p=5466</guid>
		<description></description>
		<content:encoded><![CDATA[[vc_row][vc_column width="2/3"][st_hotel_room_header][vc_row_inner][vc_column_inner][st_hotel_room_facility choose_taxonomies="room_type,room_facilities"][vc_column_text]
<h4>Availability</h4>
[/vc_column_text][st_hotel_room_calendar][st_hotel_room_gallery style="slide"][/vc_column_inner][/vc_row_inner][vc_row_inner css=".vc_custom_1439363062743{margin-top: 40px !important;}"][vc_column_inner][vc_column_text]
<h3>Room Reviews</h3>
[/vc_column_text][st_hotel_room_review][/vc_column_inner][/vc_row_inner][/vc_column][vc_column width="1/3"][st_hotel_room_sidebar][/vc_column][/vc_row]]]></content:encoded>
		<excerpt:encoded><![CDATA[]]></excerpt:encoded>
		<wp:post_id>5466</wp:post_id>
		<wp:post_date><![CDATA[2015-10-28 09:17:37]]></wp:post_date>
		<wp:post_date_gmt><![CDATA[2015-10-28 09:17:37]]></wp:post_date_gmt>
		<wp:comment_status><![CDATA[closed]]></wp:comment_status>
		<wp:ping_status><![CDATA[closed]]></wp:ping_status>
		<wp:post_name><![CDATA[layout-room-hotel-1]]></wp:post_name>
		<wp:status><![CDATA[publish]]></wp:status>
		<wp:post_parent>0</wp:post_parent>
		<wp:menu_order>0</wp:menu_order>
		<wp:post_type><![CDATA[st_layouts]]></wp:post_type>
		<wp:post_password><![CDATA[]]></wp:post_password>
		<wp:is_sticky>0</wp:is_sticky>
		<wp:postmeta>
			<wp:meta_key><![CDATA[rate_review]]></wp:meta_key>
			<wp:meta_value><![CDATA[0]]></wp:meta_value>
		</wp:postmeta>
		<wp:postmeta>
			<wp:meta_key><![CDATA[rate_review]]></wp:meta_key>
			<wp:meta_value><![CDATA[0]]></wp:meta_value>
		</wp:postmeta>
		<wp:postmeta>
			<wp:meta_key><![CDATA[_wpb_shortcodes_custom_css]]></wp:meta_key>
			<wp:meta_value><![CDATA[.vc_custom_1439363062743{margin-top: 40px !important;}]]></wp:meta_value>
		</wp:postmeta>
		<wp:postmeta>
			<wp:meta_key><![CDATA[_wpb_vc_js_status]]></wp:meta_key>
			<wp:meta_value><![CDATA[true]]></wp:meta_value>
		</wp:postmeta>
		<wp:postmeta>
			<wp:meta_key><![CDATA[_vc_post_settings]]></wp:meta_key>
			<wp:meta_value><![CDATA[a:2:{s:7:"vc_grid";a:0:{}s:10:"vc_grid_id";a:0:{}}]]></wp:meta_value>
		</wp:postmeta>
		<wp:postmeta>
			<wp:meta_key><![CDATA[st_type_layout]]></wp:meta_key>
			<wp:meta_value><![CDATA[hotel_room]]></wp:meta_value>
		</wp:postmeta>
		<wp:postmeta>
			<wp:meta_key><![CDATA[layout_size]]></wp:meta_key>
			<wp:meta_value><![CDATA[container]]></wp:meta_value>
		</wp:postmeta>
		<wp:postmeta>
			<wp:meta_key><![CDATA[is_breadcrumb]]></wp:meta_key>
			<wp:meta_value><![CDATA[on]]></wp:meta_value>
		</wp:postmeta>
	</item>
	<item>
		<title>Room hotel layout 2</title>
		<link>http://shinetheme.com/demosd/traveler/hotel/st_layouts/room-hotel-layout-2/</link>
		<pubDate>Wed, 28 Oct 2015 09:18:08 +0000</pubDate>
		<dc:creator><![CDATA[admin]]></dc:creator>
		<guid isPermaLink="false">http://travelerdata.wpengine.com/?post_type=st_layouts&#038;p=5467</guid>
		<description></description>
		<content:encoded><![CDATA[[vc_row el_class="custom-row-single-room"][vc_column width="2/3" el_class="custom-row-single-room"][st_hotel_room_header][vc_row_inner css=".vc_custom_1439366020692{padding-top: 40px !important;}"][vc_column_inner][st_hotel_room_gallery style="grid"][/vc_column_inner][/vc_row_inner][vc_row_inner css=".vc_custom_1439366158544{padding-top: 40px !important;}"][vc_column_inner][st_hotel_room_facility choose_taxonomies="room_type,room_facilities"][vc_column_text]
<h4>Avalability</h4>
[/vc_column_text][st_hotel_room_calendar][/vc_column_inner][/vc_row_inner][vc_row_inner css=".vc_custom_1439366124092{padding-top: 40px !important;}"][vc_column_inner][vc_column_text]
<h3>Room Reviews</h3>
[/vc_column_text][st_hotel_room_review][/vc_column_inner][/vc_row_inner][/vc_column][vc_column width="1/3"][st_hotel_room_sidebar][/vc_column][/vc_row]]]></content:encoded>
		<excerpt:encoded><![CDATA[]]></excerpt:encoded>
		<wp:post_id>5467</wp:post_id>
		<wp:post_date><![CDATA[2015-10-28 09:18:08]]></wp:post_date>
		<wp:post_date_gmt><![CDATA[2015-10-28 09:18:08]]></wp:post_date_gmt>
		<wp:comment_status><![CDATA[closed]]></wp:comment_status>
		<wp:ping_status><![CDATA[closed]]></wp:ping_status>
		<wp:post_name><![CDATA[room-hotel-layout-2]]></wp:post_name>
		<wp:status><![CDATA[publish]]></wp:status>
		<wp:post_parent>0</wp:post_parent>
		<wp:menu_order>0</wp:menu_order>
		<wp:post_type><![CDATA[st_layouts]]></wp:post_type>
		<wp:post_password><![CDATA[]]></wp:post_password>
		<wp:is_sticky>0</wp:is_sticky>
		<wp:postmeta>
			<wp:meta_key><![CDATA[rate_review]]></wp:meta_key>
			<wp:meta_value><![CDATA[0]]></wp:meta_value>
		</wp:postmeta>
		<wp:postmeta>
			<wp:meta_key><![CDATA[rate_review]]></wp:meta_key>
			<wp:meta_value><![CDATA[0]]></wp:meta_value>
		</wp:postmeta>
		<wp:postmeta>
			<wp:meta_key><![CDATA[_wpb_vc_js_status]]></wp:meta_key>
			<wp:meta_value><![CDATA[true]]></wp:meta_value>
		</wp:postmeta>
		<wp:postmeta>
			<wp:meta_key><![CDATA[_vc_post_settings]]></wp:meta_key>
			<wp:meta_value><![CDATA[a:2:{s:7:"vc_grid";a:0:{}s:10:"vc_grid_id";a:0:{}}]]></wp:meta_value>
		</wp:postmeta>
		<wp:postmeta>
			<wp:meta_key><![CDATA[_wpb_shortcodes_custom_css]]></wp:meta_key>
			<wp:meta_value><![CDATA[.vc_custom_1439366020692{padding-top: 40px !important;}.vc_custom_1439366158544{padding-top: 40px !important;}.vc_custom_1439366124092{padding-top: 40px !important;}]]></wp:meta_value>
		</wp:postmeta>
		<wp:postmeta>
			<wp:meta_key><![CDATA[st_type_layout]]></wp:meta_key>
			<wp:meta_value><![CDATA[hotel_room]]></wp:meta_value>
		</wp:postmeta>
		<wp:postmeta>
			<wp:meta_key><![CDATA[layout_size]]></wp:meta_key>
			<wp:meta_value><![CDATA[container]]></wp:meta_value>
		</wp:postmeta>
		<wp:postmeta>
			<wp:meta_key><![CDATA[is_breadcrumb]]></wp:meta_key>
			<wp:meta_value><![CDATA[on]]></wp:meta_value>
		</wp:postmeta>
	</item>
	<item>
		<title>Room hotel layout 3</title>
		<link>http://shinetheme.com/demosd/traveler/hotel/st_layouts/room-hotel-layout-3/</link>
		<pubDate>Wed, 28 Oct 2015 09:18:55 +0000</pubDate>
		<dc:creator><![CDATA[admin]]></dc:creator>
		<guid isPermaLink="false">http://travelerdata.wpengine.com/?post_type=st_layouts&#038;p=5468</guid>
		<description></description>
		<content:encoded><![CDATA[[vc_row el_class="custom-row-single-room"][vc_column width="1/3"][st_hotel_room_sidebar][/vc_column][vc_column width="2/3" el_class="custom-row-single-room"][st_hotel_room_header][vc_row_inner css=".vc_custom_1439366020692{padding-top: 40px !important;}"][vc_column_inner][st_hotel_room_gallery style="slide"][/vc_column_inner][/vc_row_inner][vc_row_inner css=".vc_custom_1439366158544{padding-top: 40px !important;}"][vc_column_inner][st_hotel_room_facility choose_taxonomies="room_type,room_facilities"][vc_column_text]
<h3>Availability</h3>
[/vc_column_text][st_hotel_room_calendar][/vc_column_inner][/vc_row_inner][vc_row_inner css=".vc_custom_1439366124092{padding-top: 40px !important;}"][vc_column_inner][vc_column_text]
<h3>Room Reviews</h3>
[/vc_column_text][st_hotel_room_review][/vc_column_inner][/vc_row_inner][/vc_column][/vc_row]]]></content:encoded>
		<excerpt:encoded><![CDATA[]]></excerpt:encoded>
		<wp:post_id>5468</wp:post_id>
		<wp:post_date><![CDATA[2015-10-28 09:18:55]]></wp:post_date>
		<wp:post_date_gmt><![CDATA[2015-10-28 09:18:55]]></wp:post_date_gmt>
		<wp:comment_status><![CDATA[closed]]></wp:comment_status>
		<wp:ping_status><![CDATA[closed]]></wp:ping_status>
		<wp:post_name><![CDATA[room-hotel-layout-3]]></wp:post_name>
		<wp:status><![CDATA[publish]]></wp:status>
		<wp:post_parent>0</wp:post_parent>
		<wp:menu_order>0</wp:menu_order>
		<wp:post_type><![CDATA[st_layouts]]></wp:post_type>
		<wp:post_password><![CDATA[]]></wp:post_password>
		<wp:is_sticky>0</wp:is_sticky>
		<wp:postmeta>
			<wp:meta_key><![CDATA[rate_review]]></wp:meta_key>
			<wp:meta_value><![CDATA[0]]></wp:meta_value>
		</wp:postmeta>
		<wp:postmeta>
			<wp:meta_key><![CDATA[rate_review]]></wp:meta_key>
			<wp:meta_value><![CDATA[0]]></wp:meta_value>
		</wp:postmeta>
		<wp:postmeta>
			<wp:meta_key><![CDATA[_wpb_vc_js_status]]></wp:meta_key>
			<wp:meta_value><![CDATA[true]]></wp:meta_value>
		</wp:postmeta>
		<wp:postmeta>
			<wp:meta_key><![CDATA[_vc_post_settings]]></wp:meta_key>
			<wp:meta_value><![CDATA[a:2:{s:7:"vc_grid";a:0:{}s:10:"vc_grid_id";a:0:{}}]]></wp:meta_value>
		</wp:postmeta>
		<wp:postmeta>
			<wp:meta_key><![CDATA[_wpb_shortcodes_custom_css]]></wp:meta_key>
			<wp:meta_value><![CDATA[.vc_custom_1439366020692{padding-top: 40px !important;}.vc_custom_1439366158544{padding-top: 40px !important;}.vc_custom_1439366124092{padding-top: 40px !important;}]]></wp:meta_value>
		</wp:postmeta>
		<wp:postmeta>
			<wp:meta_key><![CDATA[st_type_layout]]></wp:meta_key>
			<wp:meta_value><![CDATA[hotel_room]]></wp:meta_value>
		</wp:postmeta>
		<wp:postmeta>
			<wp:meta_key><![CDATA[layout_size]]></wp:meta_key>
			<wp:meta_value><![CDATA[container]]></wp:meta_value>
		</wp:postmeta>
		<wp:postmeta>
			<wp:meta_key><![CDATA[is_breadcrumb]]></wp:meta_key>
			<wp:meta_value><![CDATA[on]]></wp:meta_value>
		</wp:postmeta>
	</item>
	<item>
		<title>Room hotel layout 4</title>
		<link>http://shinetheme.com/demosd/traveler/hotel/st_layouts/room-hotel-layout-4/</link>
		<pubDate>Wed, 28 Oct 2015 09:19:42 +0000</pubDate>
		<dc:creator><![CDATA[admin]]></dc:creator>
		<guid isPermaLink="false">http://travelerdata.wpengine.com/?post_type=st_layouts&#038;p=5469</guid>
		<description></description>
		<content:encoded><![CDATA[[vc_row el_class="custom-row-single-room"][vc_column width="2/3" el_class="custom-row-single-room"][st_hotel_room_header][vc_empty_space height="30px"][vc_tta_tabs interval="0" tab_style="single_tab"][vc_tta_section add_icon="true"  i_icon_fontawesome = "fa fa-camera" title="Photos " tab_id="ab33b9ce-599d-6"][st_hotel_room_gallery style="slide"][/vc_tta_section][vc_tta_section add_icon="true"  i_icon_fontawesome = "fa fa-asterisk" title="Room Facility" tab_id="2adfa48d-4e61-4"][st_hotel_room_facility choose_taxonomies="room_type,room_facilities"][/vc_tta_section][vc_tta_section add_icon="true"  i_icon_fontawesome = "fa fa-comments" title="Room Reviews" tab_id="1439375290816-2-0"][vc_empty_space height="15px"][st_hotel_room_review][/vc_tta_section][/vc_tta_tabs][vc_column_text]
<h3>Availability</h3>
[/vc_column_text][st_hotel_room_calendar][/vc_column][vc_column width="1/3"][st_hotel_room_sidebar][/vc_column][/vc_row]]]></content:encoded>
		<excerpt:encoded><![CDATA[]]></excerpt:encoded>
		<wp:post_id>5469</wp:post_id>
		<wp:post_date><![CDATA[2015-10-28 09:19:42]]></wp:post_date>
		<wp:post_date_gmt><![CDATA[2015-10-28 09:19:42]]></wp:post_date_gmt>
		<wp:comment_status><![CDATA[closed]]></wp:comment_status>
		<wp:ping_status><![CDATA[closed]]></wp:ping_status>
		<wp:post_name><![CDATA[room-hotel-layout-4]]></wp:post_name>
		<wp:status><![CDATA[publish]]></wp:status>
		<wp:post_parent>0</wp:post_parent>
		<wp:menu_order>0</wp:menu_order>
		<wp:post_type><![CDATA[st_layouts]]></wp:post_type>
		<wp:post_password><![CDATA[]]></wp:post_password>
		<wp:is_sticky>0</wp:is_sticky>
		<wp:postmeta>
			<wp:meta_key><![CDATA[rate_review]]></wp:meta_key>
			<wp:meta_value><![CDATA[0]]></wp:meta_value>
		</wp:postmeta>
		<wp:postmeta>
			<wp:meta_key><![CDATA[rate_review]]></wp:meta_key>
			<wp:meta_value><![CDATA[0]]></wp:meta_value>
		</wp:postmeta>
		<wp:postmeta>
			<wp:meta_key><![CDATA[_wpb_vc_js_status]]></wp:meta_key>
			<wp:meta_value><![CDATA[true]]></wp:meta_value>
		</wp:postmeta>
		<wp:postmeta>
			<wp:meta_key><![CDATA[_vc_post_settings]]></wp:meta_key>
			<wp:meta_value><![CDATA[a:1:{s:10:"vc_grid_id";a:0:{}}]]></wp:meta_value>
		</wp:postmeta>
		<wp:postmeta>
			<wp:meta_key><![CDATA[st_type_layout]]></wp:meta_key>
			<wp:meta_value><![CDATA[hotel_room]]></wp:meta_value>
		</wp:postmeta>
		<wp:postmeta>
			<wp:meta_key><![CDATA[layout_size]]></wp:meta_key>
			<wp:meta_value><![CDATA[container]]></wp:meta_value>
		</wp:postmeta>
		<wp:postmeta>
			<wp:meta_key><![CDATA[is_breadcrumb]]></wp:meta_key>
			<wp:meta_value><![CDATA[on]]></wp:meta_value>
		</wp:postmeta>
		<wp:postmeta>
			<wp:meta_key><![CDATA[min_price]]></wp:meta_key>
			<wp:meta_value><![CDATA[]]></wp:meta_value>
		</wp:postmeta>
		<wp:postmeta>
			<wp:meta_key><![CDATA[_edit_last]]></wp:meta_key>
			<wp:meta_value><![CDATA[1]]></wp:meta_value>
		</wp:postmeta>
	</item>
</channel>
</rss>
