<?xml version="1.0" encoding="UTF-8" ?>
<!-- This is a WordPress eXtended RSS file generated by WordPress as an export of your site. -->
<!-- It contains information about your site's posts, pages, comments, categories, and other content. -->
<!-- You may use this file to transfer that content from one site to another. -->
<!-- This file is not intended to serve as a complete backup of your site. -->

<!-- To import this information into a WordPress site follow these steps: -->
<!-- 1. Log in to that site as an administrator. -->
<!-- 2. Go to Tools: Import in the WordPress admin panel. -->
<!-- 3. Install the "WordPress" importer from the list. -->
<!-- 4. Activate & Run Importer. -->
<!-- 5. Upload this file using the form provided on that page. -->
<!-- 6. You will first be asked to map the authors in this export file to users -->
<!--    on the site. For each author, you may choose to map to an -->
<!--    existing user on the site or to create a new user. -->
<!-- 7. WordPress will then import each of the posts, pages, comments, categories, etc. -->
<!--    contained in this file into your site. -->

<!-- generator="WordPress/4.7.2" created="2017-03-23 08:36" -->
<rss version="2.0"
	xmlns:excerpt="http://wordpress.org/export/1.2/excerpt/"
	xmlns:content="http://purl.org/rss/1.0/modules/content/"
	xmlns:wfw="http://wellformedweb.org/CommentAPI/"
	xmlns:dc="http://purl.org/dc/elements/1.1/"
	xmlns:wp="http://wordpress.org/export/1.2/"
>

<channel>
	<title>Traveler Tour</title>
	<link>http://shinetheme.com/demosd/traveler/tour</link>
	<description>Just another WordPress site</description>
	<pubDate>Thu, 23 Mar 2017 08:36:53 +0000</pubDate>
	<language>en-US</language>
	<wp:wxr_version>1.2</wp:wxr_version>
	<wp:base_site_url>http://shinetheme.com/demosd/traveler/tour</wp:base_site_url>
	<wp:base_blog_url>http://shinetheme.com/demosd/traveler/tour</wp:base_blog_url>

	<wp:author><wp:author_id>1</wp:author_id><wp:author_login><![CDATA[admin]]></wp:author_login><wp:author_email><![CDATA[hanhnhan.hna@gmail.com]]></wp:author_email><wp:author_display_name><![CDATA[admin]]></wp:author_display_name><wp:author_first_name><![CDATA[]]></wp:author_first_name><wp:author_last_name><![CDATA[]]></wp:author_last_name></wp:author>


	<generator>https://wordpress.org/?v=4.7.2</generator>

	<item>
		<title>Single Tour 2</title>
		<link>http://shinetheme.com/demosd/traveler/tour/st_layouts/layout-single-tours-1/</link>
		<pubDate>Wed, 07 Jan 2015 01:26:10 +0000</pubDate>
		<dc:creator><![CDATA[admin]]></dc:creator>
		<guid isPermaLink="false">http://traveler.shinethemedev.com/wordpress/?post_type=st_layouts&#038;p=1114</guid>
		<description></description>
		<content:encoded><![CDATA[[vc_row css=".vc_custom_1420711125839{margin-bottom: 30px !important;}"][vc_column width="1/3"][vc_row_inner][vc_column_inner][vc_column_text css=".vc_custom_1426047290803{margin-bottom: 12px !important;}"]
<h4>LAST MINUTE DEALS!</h4>
[/vc_column_text][st_list_tour st_number_tour="4" st_orderby="none" st_order="asc" st_style="style_4" st_tour_of_row="4" only_featured_location="no"][/vc_column_inner][/vc_row_inner][vc_row_inner css=".vc_custom_1420002423206{padding-bottom: 30px !important;}"][vc_column_inner][st_tour_nearby title="Tour Nearby"][/vc_column_inner][/vc_row_inner][vc_row_inner][vc_column_inner][vc_widget_sidebar sidebar_id="tour-single-sidebar"][/vc_column_inner][/vc_row_inner][/vc_column][vc_column width="2/3"][vc_tta_tabs][vc_tta_section i_icon_fontawesome="fa fa-photo" add_icon="true" title="Photo" tab_id="1420425382-1-87"][st_tour_detail_photo style="slide"][/vc_tta_section][vc_tta_section i_icon_fontawesome="fa fa-youtube-play" add_icon="true" title="Video" tab_id="1420425776515-2-4"][st_tour_video][/vc_tta_section][/vc_tta_tabs][vc_row_inner css=".vc_custom_1419999492632{padding-top: 30px !important;}"][vc_column_inner][st_info_tours][/vc_column_inner][/vc_row_inner][vc_row_inner css=".vc_custom_1426040592097{margin-top: 30px !important;padding-top: 0px !important;padding-bottom: 0px !important;}"][vc_column_inner][st_excerpt_tour][/vc_column_inner][/vc_row_inner][vc_row_inner][vc_column_inner][st_tour_detail_map][/vc_column_inner][/vc_row_inner][vc_row_inner css=".vc_custom_1426071704106{margin-top: 30px !important;}" el_class="booknow"][vc_column_inner][vc_column_text]
<h3 id="booknow">Tour's Program</h3>
[/vc_column_text][st_tour_program][/vc_column_inner][/vc_row_inner][vc_row_inner][vc_column_inner][st_tour_share][/vc_column_inner][/vc_row_inner][vc_row_inner][vc_column_inner][vc_column_text css=".vc_custom_1419846798834{margin-bottom: 30px !important;}"]
<h3>Tours Reviews</h3>
[/vc_column_text][st_tour_review][/vc_column_inner][/vc_row_inner][/vc_column][/vc_row]]]></content:encoded>
		<excerpt:encoded><![CDATA[]]></excerpt:encoded>
		<wp:post_id>1114</wp:post_id>
		<wp:post_date><![CDATA[2015-01-07 01:26:10]]></wp:post_date>
		<wp:post_date_gmt><![CDATA[2015-01-07 01:26:10]]></wp:post_date_gmt>
		<wp:comment_status><![CDATA[closed]]></wp:comment_status>
		<wp:ping_status><![CDATA[closed]]></wp:ping_status>
		<wp:post_name><![CDATA[layout-single-tours-1]]></wp:post_name>
		<wp:status><![CDATA[publish]]></wp:status>
		<wp:post_parent>0</wp:post_parent>
		<wp:menu_order>0</wp:menu_order>
		<wp:post_type><![CDATA[st_layouts]]></wp:post_type>
		<wp:post_password><![CDATA[]]></wp:post_password>
		<wp:is_sticky>0</wp:is_sticky>
		<wp:postmeta>
			<wp:meta_key><![CDATA[rate_review]]></wp:meta_key>
			<wp:meta_value><![CDATA[0]]></wp:meta_value>
		</wp:postmeta>
		<wp:postmeta>
			<wp:meta_key><![CDATA[rate_review]]></wp:meta_key>
			<wp:meta_value><![CDATA[0]]></wp:meta_value>
		</wp:postmeta>
		<wp:postmeta>
			<wp:meta_key><![CDATA[_wpb_shortcodes_custom_css]]></wp:meta_key>
			<wp:meta_value><![CDATA[.vc_custom_1420711125839{margin-bottom: 30px !important;}.vc_custom_1420002423206{padding-bottom: 30px !important;}.vc_custom_1426047290803{margin-bottom: 12px !important;}.vc_custom_1419999492632{padding-top: 30px !important;}.vc_custom_1426040592097{margin-top: 30px !important;padding-top: 0px !important;padding-bottom: 0px !important;}.vc_custom_1426071704106{margin-top: 30px !important;}.vc_custom_1419846798834{margin-bottom: 30px !important;}]]></wp:meta_value>
		</wp:postmeta>
		<wp:postmeta>
			<wp:meta_key><![CDATA[_wpb_vc_js_status]]></wp:meta_key>
			<wp:meta_value><![CDATA[false]]></wp:meta_value>
		</wp:postmeta>
		<wp:postmeta>
			<wp:meta_key><![CDATA[_wpb_vc_js_interface_version]]></wp:meta_key>
			<wp:meta_value><![CDATA[2]]></wp:meta_value>
		</wp:postmeta>
		<wp:postmeta>
			<wp:meta_key><![CDATA[vc_teaser]]></wp:meta_key>
			<wp:meta_value><![CDATA[a:2:{s:4:"data";s:115:"[{"name":"title","link":"post"},{"name":"image","image":"featured","link":"none"},{"name":"text","mode":"excerpt"}]";s:7:"bgcolor";s:0:"";}]]></wp:meta_value>
		</wp:postmeta>
		<wp:postmeta>
			<wp:meta_key><![CDATA[_alp_processed]]></wp:meta_key>
			<wp:meta_value><![CDATA[1423222288]]></wp:meta_value>
		</wp:postmeta>
		<wp:postmeta>
			<wp:meta_key><![CDATA[st_type_layout]]></wp:meta_key>
			<wp:meta_value><![CDATA[st_tours]]></wp:meta_value>
		</wp:postmeta>
		<wp:postmeta>
			<wp:meta_key><![CDATA[_vc_post_settings]]></wp:meta_key>
			<wp:meta_value><![CDATA[a:1:{s:10:"vc_grid_id";a:0:{}}]]></wp:meta_value>
		</wp:postmeta>
		<wp:postmeta>
			<wp:meta_key><![CDATA[layout_size]]></wp:meta_key>
			<wp:meta_value><![CDATA[container]]></wp:meta_value>
		</wp:postmeta>
		<wp:postmeta>
			<wp:meta_key><![CDATA[is_breadcrumb]]></wp:meta_key>
			<wp:meta_value><![CDATA[on]]></wp:meta_value>
		</wp:postmeta>
		<wp:postmeta>
			<wp:meta_key><![CDATA[_edit_last]]></wp:meta_key>
			<wp:meta_value><![CDATA[1]]></wp:meta_value>
		</wp:postmeta>
		<wp:postmeta>
			<wp:meta_key><![CDATA[min_price]]></wp:meta_key>
			<wp:meta_value><![CDATA[]]></wp:meta_value>
		</wp:postmeta>
	</item>
	<item>
		<title>Search Tour</title>
		<link>http://shinetheme.com/demosd/traveler/tour/st_layouts/layout-search-tour/</link>
		<pubDate>Wed, 07 Jan 2015 01:32:08 +0000</pubDate>
		<dc:creator><![CDATA[admin]]></dc:creator>
		<guid isPermaLink="false">http://traveler.shinethemedev.com/wordpress/?post_type=st_layouts&#038;p=1115</guid>
		<description></description>
		<content:encoded><![CDATA[[vc_row][vc_column][st_search_tour_title][/vc_column][/vc_row][vc_row css=".vc_custom_1420711520952{margin-bottom: 30px !important;}"][vc_column width="1/4" el_class="col-sm2-5"][vc_widget_sidebar sidebar_id="tours-sidebar"][/vc_column][vc_column width="3/4" el_class="col-sm2-7"][st_tour_content_search][/vc_column][/vc_row]]]></content:encoded>
		<excerpt:encoded><![CDATA[]]></excerpt:encoded>
		<wp:post_id>1115</wp:post_id>
		<wp:post_date><![CDATA[2015-01-07 01:32:08]]></wp:post_date>
		<wp:post_date_gmt><![CDATA[2015-01-07 01:32:08]]></wp:post_date_gmt>
		<wp:comment_status><![CDATA[closed]]></wp:comment_status>
		<wp:ping_status><![CDATA[closed]]></wp:ping_status>
		<wp:post_name><![CDATA[layout-search-tour]]></wp:post_name>
		<wp:status><![CDATA[publish]]></wp:status>
		<wp:post_parent>0</wp:post_parent>
		<wp:menu_order>0</wp:menu_order>
		<wp:post_type><![CDATA[st_layouts]]></wp:post_type>
		<wp:post_password><![CDATA[]]></wp:post_password>
		<wp:is_sticky>0</wp:is_sticky>
		<wp:postmeta>
			<wp:meta_key><![CDATA[rate_review]]></wp:meta_key>
			<wp:meta_value><![CDATA[0]]></wp:meta_value>
		</wp:postmeta>
		<wp:postmeta>
			<wp:meta_key><![CDATA[rate_review]]></wp:meta_key>
			<wp:meta_value><![CDATA[0]]></wp:meta_value>
		</wp:postmeta>
		<wp:postmeta>
			<wp:meta_key><![CDATA[_wpb_vc_js_status]]></wp:meta_key>
			<wp:meta_value><![CDATA[true]]></wp:meta_value>
		</wp:postmeta>
		<wp:postmeta>
			<wp:meta_key><![CDATA[_wpb_vc_js_interface_version]]></wp:meta_key>
			<wp:meta_value><![CDATA[2]]></wp:meta_value>
		</wp:postmeta>
		<wp:postmeta>
			<wp:meta_key><![CDATA[vc_teaser]]></wp:meta_key>
			<wp:meta_value><![CDATA[a:2:{s:4:"data";s:115:"[{"name":"title","link":"post"},{"name":"image","image":"featured","link":"none"},{"name":"text","mode":"excerpt"}]";s:7:"bgcolor";s:0:"";}]]></wp:meta_value>
		</wp:postmeta>
		<wp:postmeta>
			<wp:meta_key><![CDATA[_wpb_shortcodes_custom_css]]></wp:meta_key>
			<wp:meta_value><![CDATA[.vc_custom_1420711520952{margin-bottom: 30px !important;}]]></wp:meta_value>
		</wp:postmeta>
		<wp:postmeta>
			<wp:meta_key><![CDATA[st_type_layout]]></wp:meta_key>
			<wp:meta_value><![CDATA[st_tours_search]]></wp:meta_value>
		</wp:postmeta>
		<wp:postmeta>
			<wp:meta_key><![CDATA[_vc_post_settings]]></wp:meta_key>
			<wp:meta_value><![CDATA[a:2:{s:7:"vc_grid";a:0:{}s:10:"vc_grid_id";a:0:{}}]]></wp:meta_value>
		</wp:postmeta>
		<wp:postmeta>
			<wp:meta_key><![CDATA[layout_size]]></wp:meta_key>
			<wp:meta_value><![CDATA[container]]></wp:meta_value>
		</wp:postmeta>
		<wp:postmeta>
			<wp:meta_key><![CDATA[is_breadcrumb]]></wp:meta_key>
			<wp:meta_value><![CDATA[on]]></wp:meta_value>
		</wp:postmeta>
	</item>
	<item>
		<title>Single Tour 1</title>
		<link>http://shinetheme.com/demosd/traveler/tour/st_layouts/layout-single-tours-2/</link>
		<pubDate>Wed, 07 Jan 2015 01:57:34 +0000</pubDate>
		<dc:creator><![CDATA[admin]]></dc:creator>
		<guid isPermaLink="false">http://traveler.shinethemedev.com/wordpress/?post_type=st_layouts&#038;p=1118</guid>
		<description></description>
		<content:encoded><![CDATA[[vc_row css=".vc_custom_1420711043379{margin-bottom: 30px !important;}"][vc_column width="2/3"][vc_tta_tabs][vc_tta_section i_icon_fontawesome="fa fa-photo" add_icon="true" title="Photo" tab_id="1420425382-1-87"][st_tour_detail_photo style="slide"][/vc_tta_section][vc_tta_section i_icon_fontawesome="fa fa-youtube-play" add_icon="true" title="Video" tab_id="1420425776515-2-4"][st_tour_video][/vc_tta_section][/vc_tta_tabs][st_tour_show_discount][st_post_data field="excerpt"][st_post_data field="content"][vc_column_text]
<h3>Our Location</h3>
[/vc_column_text][st_tour_detail_map][vc_column_text]
<h3 id="booknow">Tour's Program</h3>
[/vc_column_text][st_tour_program][st_tour_share][vc_column_text css=".vc_custom_1419846798834{margin-bottom: 30px !important;}"]
<h3>Tours Reviews</h3>
[/vc_column_text][st_tour_review][/vc_column][vc_column width="1/3"][vc_row_inner css=".vc_custom_1420711028646{margin-bottom: 30px !important;}"][vc_column_inner][vc_column_text css=".vc_custom_1426047406904{margin-bottom: 12px !important;}"]
<h4>LAST MINUTE DEALS!</h4>
[/vc_column_text][st_list_tour st_number_tour="4" st_orderby="none" st_order="asc" st_style="style_4" st_tour_of_row="4" only_featured_location="no"][/vc_column_inner][/vc_row_inner][vc_row_inner css=".vc_custom_1420002423206{padding-bottom: 30px !important;}"][vc_column_inner][st_tour_nearby title="Tours Nearby"][/vc_column_inner][/vc_row_inner][vc_row_inner][vc_column_inner][vc_widget_sidebar sidebar_id="tour-single-sidebar"][/vc_column_inner][/vc_row_inner][/vc_column][/vc_row]]]></content:encoded>
		<excerpt:encoded><![CDATA[]]></excerpt:encoded>
		<wp:post_id>1118</wp:post_id>
		<wp:post_date><![CDATA[2015-01-07 01:57:34]]></wp:post_date>
		<wp:post_date_gmt><![CDATA[2015-01-07 01:57:34]]></wp:post_date_gmt>
		<wp:comment_status><![CDATA[closed]]></wp:comment_status>
		<wp:ping_status><![CDATA[closed]]></wp:ping_status>
		<wp:post_name><![CDATA[layout-single-tours-2]]></wp:post_name>
		<wp:status><![CDATA[publish]]></wp:status>
		<wp:post_parent>0</wp:post_parent>
		<wp:menu_order>0</wp:menu_order>
		<wp:post_type><![CDATA[st_layouts]]></wp:post_type>
		<wp:post_password><![CDATA[]]></wp:post_password>
		<wp:is_sticky>0</wp:is_sticky>
		<wp:postmeta>
			<wp:meta_key><![CDATA[rate_review]]></wp:meta_key>
			<wp:meta_value><![CDATA[0]]></wp:meta_value>
		</wp:postmeta>
		<wp:postmeta>
			<wp:meta_key><![CDATA[rate_review]]></wp:meta_key>
			<wp:meta_value><![CDATA[0]]></wp:meta_value>
		</wp:postmeta>
		<wp:postmeta>
			<wp:meta_key><![CDATA[rate_review]]></wp:meta_key>
			<wp:meta_value><![CDATA[0]]></wp:meta_value>
		</wp:postmeta>
		<wp:postmeta>
			<wp:meta_key><![CDATA[_wpb_shortcodes_custom_css]]></wp:meta_key>
			<wp:meta_value><![CDATA[.vc_custom_1420711043379{margin-bottom: 30px !important;}.vc_custom_1419846798834{margin-bottom: 30px !important;}.vc_custom_1420711028646{margin-bottom: 30px !important;}.vc_custom_1420002423206{padding-bottom: 30px !important;}.vc_custom_1426047406904{margin-bottom: 12px !important;}]]></wp:meta_value>
		</wp:postmeta>
		<wp:postmeta>
			<wp:meta_key><![CDATA[_wpb_vc_js_status]]></wp:meta_key>
			<wp:meta_value><![CDATA[true]]></wp:meta_value>
		</wp:postmeta>
		<wp:postmeta>
			<wp:meta_key><![CDATA[_wpb_vc_js_interface_version]]></wp:meta_key>
			<wp:meta_value><![CDATA[2]]></wp:meta_value>
		</wp:postmeta>
		<wp:postmeta>
			<wp:meta_key><![CDATA[vc_teaser]]></wp:meta_key>
			<wp:meta_value><![CDATA[a:2:{s:4:"data";s:115:"[{"name":"title","link":"post"},{"name":"image","image":"featured","link":"none"},{"name":"text","mode":"excerpt"}]";s:7:"bgcolor";s:0:"";}]]></wp:meta_value>
		</wp:postmeta>
		<wp:postmeta>
			<wp:meta_key><![CDATA[_dp_original]]></wp:meta_key>
			<wp:meta_value><![CDATA[1114]]></wp:meta_value>
		</wp:postmeta>
		<wp:postmeta>
			<wp:meta_key><![CDATA[_alp_processed]]></wp:meta_key>
			<wp:meta_value><![CDATA[1423222460]]></wp:meta_value>
		</wp:postmeta>
		<wp:postmeta>
			<wp:meta_key><![CDATA[st_type_layout]]></wp:meta_key>
			<wp:meta_value><![CDATA[st_tours]]></wp:meta_value>
		</wp:postmeta>
		<wp:postmeta>
			<wp:meta_key><![CDATA[_vc_post_settings]]></wp:meta_key>
			<wp:meta_value><![CDATA[a:1:{s:10:"vc_grid_id";a:0:{}}]]></wp:meta_value>
		</wp:postmeta>
		<wp:postmeta>
			<wp:meta_key><![CDATA[layout_size]]></wp:meta_key>
			<wp:meta_value><![CDATA[container]]></wp:meta_value>
		</wp:postmeta>
		<wp:postmeta>
			<wp:meta_key><![CDATA[is_breadcrumb]]></wp:meta_key>
			<wp:meta_value><![CDATA[on]]></wp:meta_value>
		</wp:postmeta>
		<wp:postmeta>
			<wp:meta_key><![CDATA[_edit_last]]></wp:meta_key>
			<wp:meta_value><![CDATA[1]]></wp:meta_value>
		</wp:postmeta>
		<wp:postmeta>
			<wp:meta_key><![CDATA[min_price]]></wp:meta_key>
			<wp:meta_value><![CDATA[]]></wp:meta_value>
		</wp:postmeta>
	</item>
	<item>
		<title>Single Tour 3</title>
		<link>http://shinetheme.com/demosd/traveler/tour/st_layouts/layout-single-tours-2-2/</link>
		<pubDate>Wed, 04 Feb 2015 06:44:10 +0000</pubDate>
		<dc:creator><![CDATA[admin]]></dc:creator>
		<guid isPermaLink="false">http://shinetheme.com/demosd/traveler_demo/?post_type=st_layouts&#038;p=4542</guid>
		<description></description>
		<content:encoded><![CDATA[[vc_row css=".vc_custom_1420711043379{margin-bottom: 30px !important;}"][vc_column][vc_tta_tabs][vc_tta_section add_icon="true"  i_icon_fontawesome = "fa fa-photo" title="Photo" tab_id="1420425382-1-87"][st_thumbnail_tours][/vc_tta_section][vc_tta_section add_icon="true"  i_icon_fontawesome = "fa fa-youtube-play" title="Video" tab_id="1420425776515-2-4"][st_tour_video][/vc_tta_section][/vc_tta_tabs][vc_row_inner css=".vc_custom_1419999492632{padding-top: 30px !important;}"][vc_column_inner][st_info_tours][/vc_column_inner][/vc_row_inner][vc_row_inner css=".vc_custom_1426040672637{margin-top: 30px !important;padding-top: 0px !important;padding-bottom: 0px !important;}"][vc_column_inner][st_excerpt_tour][/vc_column_inner][/vc_row_inner][vc_row_inner][vc_column_inner][st_tour_detail_map][/vc_column_inner][/vc_row_inner][vc_row_inner css=".vc_custom_1426071694248{margin-top: 30px !important;}" el_class="booknow"][vc_column_inner][vc_column_text]
<h3 id="booknow">Tour Program</h3>
[/vc_column_text][st_tour_program][/vc_column_inner][/vc_row_inner][vc_row_inner][vc_column_inner][st_tour_share][/vc_column_inner][/vc_row_inner][vc_row_inner][vc_column_inner][vc_column_text css=".vc_custom_1419846798834{margin-bottom: 30px !important;}"]
<h3>Tours Reviews</h3>
[/vc_column_text][st_tour_review][/vc_column_inner][/vc_row_inner][/vc_column][/vc_row]]]></content:encoded>
		<excerpt:encoded><![CDATA[]]></excerpt:encoded>
		<wp:post_id>4542</wp:post_id>
		<wp:post_date><![CDATA[2015-02-04 06:44:10]]></wp:post_date>
		<wp:post_date_gmt><![CDATA[2015-02-04 06:44:10]]></wp:post_date_gmt>
		<wp:comment_status><![CDATA[closed]]></wp:comment_status>
		<wp:ping_status><![CDATA[closed]]></wp:ping_status>
		<wp:post_name><![CDATA[layout-single-tours-2-2]]></wp:post_name>
		<wp:status><![CDATA[publish]]></wp:status>
		<wp:post_parent>0</wp:post_parent>
		<wp:menu_order>0</wp:menu_order>
		<wp:post_type><![CDATA[st_layouts]]></wp:post_type>
		<wp:post_password><![CDATA[]]></wp:post_password>
		<wp:is_sticky>0</wp:is_sticky>
		<wp:postmeta>
			<wp:meta_key><![CDATA[rate_review]]></wp:meta_key>
			<wp:meta_value><![CDATA[0]]></wp:meta_value>
		</wp:postmeta>
		<wp:postmeta>
			<wp:meta_key><![CDATA[rate_review]]></wp:meta_key>
			<wp:meta_value><![CDATA[0]]></wp:meta_value>
		</wp:postmeta>
		<wp:postmeta>
			<wp:meta_key><![CDATA[_alp_processed]]></wp:meta_key>
			<wp:meta_value><![CDATA[1423222444]]></wp:meta_value>
		</wp:postmeta>
		<wp:postmeta>
			<wp:meta_key><![CDATA[rate_review]]></wp:meta_key>
			<wp:meta_value><![CDATA[0]]></wp:meta_value>
		</wp:postmeta>
		<wp:postmeta>
			<wp:meta_key><![CDATA[rate_review]]></wp:meta_key>
			<wp:meta_value><![CDATA[0]]></wp:meta_value>
		</wp:postmeta>
		<wp:postmeta>
			<wp:meta_key><![CDATA[_wpb_shortcodes_custom_css]]></wp:meta_key>
			<wp:meta_value><![CDATA[.vc_custom_1420711043379{margin-bottom: 30px !important;}.vc_custom_1419999492632{padding-top: 30px !important;}.vc_custom_1426040672637{margin-top: 30px !important;padding-top: 0px !important;padding-bottom: 0px !important;}.vc_custom_1426071694248{margin-top: 30px !important;}.vc_custom_1419846798834{margin-bottom: 30px !important;}]]></wp:meta_value>
		</wp:postmeta>
		<wp:postmeta>
			<wp:meta_key><![CDATA[_wpb_vc_js_status]]></wp:meta_key>
			<wp:meta_value><![CDATA[true]]></wp:meta_value>
		</wp:postmeta>
		<wp:postmeta>
			<wp:meta_key><![CDATA[_wpb_vc_js_interface_version]]></wp:meta_key>
			<wp:meta_value><![CDATA[2]]></wp:meta_value>
		</wp:postmeta>
		<wp:postmeta>
			<wp:meta_key><![CDATA[vc_teaser]]></wp:meta_key>
			<wp:meta_value><![CDATA[a:2:{s:4:"data";s:115:"[{"name":"title","link":"post"},{"name":"image","image":"featured","link":"none"},{"name":"text","mode":"excerpt"}]";s:7:"bgcolor";s:0:"";}]]></wp:meta_value>
		</wp:postmeta>
		<wp:postmeta>
			<wp:meta_key><![CDATA[_alp_processed]]></wp:meta_key>
			<wp:meta_value><![CDATA[1423222444]]></wp:meta_value>
		</wp:postmeta>
		<wp:postmeta>
			<wp:meta_key><![CDATA[_dp_original]]></wp:meta_key>
			<wp:meta_value><![CDATA[1118]]></wp:meta_value>
		</wp:postmeta>
		<wp:postmeta>
			<wp:meta_key><![CDATA[st_type_layout]]></wp:meta_key>
			<wp:meta_value><![CDATA[st_tours_search]]></wp:meta_value>
		</wp:postmeta>
		<wp:postmeta>
			<wp:meta_key><![CDATA[_vc_post_settings]]></wp:meta_key>
			<wp:meta_value><![CDATA[a:1:{s:10:"vc_grid_id";a:0:{}}]]></wp:meta_value>
		</wp:postmeta>
		<wp:postmeta>
			<wp:meta_key><![CDATA[layout_size]]></wp:meta_key>
			<wp:meta_value><![CDATA[container]]></wp:meta_value>
		</wp:postmeta>
		<wp:postmeta>
			<wp:meta_key><![CDATA[is_breadcrumb]]></wp:meta_key>
			<wp:meta_value><![CDATA[on]]></wp:meta_value>
		</wp:postmeta>
		<wp:postmeta>
			<wp:meta_key><![CDATA[_edit_last]]></wp:meta_key>
			<wp:meta_value><![CDATA[1]]></wp:meta_value>
		</wp:postmeta>
		<wp:postmeta>
			<wp:meta_key><![CDATA[min_price]]></wp:meta_key>
			<wp:meta_value><![CDATA[]]></wp:meta_value>
		</wp:postmeta>
	</item>
	<item>
		<title>Search Tour 2</title>
		<link>http://shinetheme.com/demosd/traveler/tour/st_layouts/layout-search-tour-2/</link>
		<pubDate>Mon, 23 Mar 2015 09:55:00 +0000</pubDate>
		<dc:creator><![CDATA[admin]]></dc:creator>
		<guid isPermaLink="false">http://shinetheme.com/demosd/traveler_demo/?post_type=st_layouts&#038;p=4995</guid>
		<description></description>
		<content:encoded><![CDATA[[vc_row][vc_column][st_search_tour_title][/vc_column][/vc_row][vc_row css=".vc_custom_1420711520952{margin-bottom: 30px !important;}"][vc_column width="3/4" el_class="col-sm2-5"][st_tour_content_search][/vc_column][vc_column width="1/4" el_class="col-sm2-7"][vc_widget_sidebar sidebar_id="tours-sidebar"][/vc_column][/vc_row]]]></content:encoded>
		<excerpt:encoded><![CDATA[]]></excerpt:encoded>
		<wp:post_id>4995</wp:post_id>
		<wp:post_date><![CDATA[2015-03-23 09:55:00]]></wp:post_date>
		<wp:post_date_gmt><![CDATA[2015-03-23 09:55:00]]></wp:post_date_gmt>
		<wp:comment_status><![CDATA[closed]]></wp:comment_status>
		<wp:ping_status><![CDATA[closed]]></wp:ping_status>
		<wp:post_name><![CDATA[layout-search-tour-2]]></wp:post_name>
		<wp:status><![CDATA[publish]]></wp:status>
		<wp:post_parent>0</wp:post_parent>
		<wp:menu_order>0</wp:menu_order>
		<wp:post_type><![CDATA[st_layouts]]></wp:post_type>
		<wp:post_password><![CDATA[]]></wp:post_password>
		<wp:is_sticky>0</wp:is_sticky>
		<wp:postmeta>
			<wp:meta_key><![CDATA[rate_review]]></wp:meta_key>
			<wp:meta_value><![CDATA[0]]></wp:meta_value>
		</wp:postmeta>
		<wp:postmeta>
			<wp:meta_key><![CDATA[rate_review]]></wp:meta_key>
			<wp:meta_value><![CDATA[0]]></wp:meta_value>
		</wp:postmeta>
		<wp:postmeta>
			<wp:meta_key><![CDATA[rate_review]]></wp:meta_key>
			<wp:meta_value><![CDATA[0]]></wp:meta_value>
		</wp:postmeta>
		<wp:postmeta>
			<wp:meta_key><![CDATA[_wpb_vc_js_status]]></wp:meta_key>
			<wp:meta_value><![CDATA[true]]></wp:meta_value>
		</wp:postmeta>
		<wp:postmeta>
			<wp:meta_key><![CDATA[_wpb_vc_js_interface_version]]></wp:meta_key>
			<wp:meta_value><![CDATA[2]]></wp:meta_value>
		</wp:postmeta>
		<wp:postmeta>
			<wp:meta_key><![CDATA[vc_teaser]]></wp:meta_key>
			<wp:meta_value><![CDATA[a:2:{s:4:"data";s:115:"[{"name":"title","link":"post"},{"name":"image","image":"featured","link":"none"},{"name":"text","mode":"excerpt"}]";s:7:"bgcolor";s:0:"";}]]></wp:meta_value>
		</wp:postmeta>
		<wp:postmeta>
			<wp:meta_key><![CDATA[_wpb_shortcodes_custom_css]]></wp:meta_key>
			<wp:meta_value><![CDATA[.vc_custom_1420711520952{margin-bottom: 30px !important;}]]></wp:meta_value>
		</wp:postmeta>
		<wp:postmeta>
			<wp:meta_key><![CDATA[st_type_layout]]></wp:meta_key>
			<wp:meta_value><![CDATA[st_tours_search]]></wp:meta_value>
		</wp:postmeta>
		<wp:postmeta>
			<wp:meta_key><![CDATA[_dp_original]]></wp:meta_key>
			<wp:meta_value><![CDATA[1115]]></wp:meta_value>
		</wp:postmeta>
		<wp:postmeta>
			<wp:meta_key><![CDATA[_vc_post_settings]]></wp:meta_key>
			<wp:meta_value><![CDATA[a:2:{s:7:"vc_grid";a:0:{}s:10:"vc_grid_id";a:0:{}}]]></wp:meta_value>
		</wp:postmeta>
		<wp:postmeta>
			<wp:meta_key><![CDATA[layout_size]]></wp:meta_key>
			<wp:meta_value><![CDATA[container]]></wp:meta_value>
		</wp:postmeta>
		<wp:postmeta>
			<wp:meta_key><![CDATA[is_breadcrumb]]></wp:meta_key>
			<wp:meta_value><![CDATA[on]]></wp:meta_value>
		</wp:postmeta>
	</item>
</channel>
</rss>
